caldt,b5ret,b10ret,t90ret,cpiret,vwretd,vwindd,vwretx,vwindx,corpr,fedfund,bm,svar,baa,aaa,t10y,t5y,t90y,earn,hml,smb,dp
19540630,0.003985,0.005859,0.002926,0,0.088675,13.36673,0.076377,24.89654,-0.00133351,1.06,0.732467844,0.002095984,3.47,2.89,2.38,1.96,1.01,2.62,0.686666667,-0.893333333,-3.039089682
19540930,0.000026,0.005289,0.001708,-0.003717,0.093114,14.61135,0.081145,26.91677,0.009830429,1.28,0.677745104,0.002450063,3.45,2.9,2.51,2.16,1.15,2.63,1.136666667,0.396666667,-3.094176399
19541231,-0.001216,-0.005519,0.002896,-0.003731,0.137399,16.61894,0.12218,30.20545,0.008221067,1.35,0.604119785,0.002648281,3.48,3.02,2.68,2.48,1.28,2.77,3.596666667,0.036666667,-3.165142259
19550331,-0.005967,-0.013874,0.002461,0,0.037374,17.24004,0.027515,31.03656,-0.006885528,1.64,0.607761777,0.005603977,3.51,3.05,2.78,2.59,1.41,2.96,1.583333333,0.376666667,-3.180616965
19550630,-0.00306,-0.003941,0.004069,0,0.113843,19.2027,0.103578,34.25125,0.000994671,2.18,0.551641632,0.002018868,3.59,3.13,2.97,2.85,2.07,3.22,0.623333333,-2.243333333,-3.253037435
19550930,0.001755,0.000011,0.003684,0.00749,0.022469,19.63416,0.013134,34.70111,-0.000344342,2.48,0.533624791,0.008913603,3.62,3.15,2.96,2.93,2.54,3.44,0.05,-0.48,-3.249796265
19551230,0.000754,0.002461,0.00567,-0.003717,0.061537,20.84238,0.048051,36.36855,0.011106693,2.5,0.50982801,0.005083761,3.6,3.1,2.96,2.93,2.25,3.62,-0.59,0.373333333,-3.254317028
19560329,0.000693,-0.003848,0.00675,0,0.079543,22.50025,0.069849,38.90887,-0.001763155,2.71,0.5310772,0.003288987,3.76,3.26,3,2.97,2.49,3.69,0.15,-1.006666667,-3.283579127
19560629,0.01138,0.017982,0.00656,0.014924,-0.008882,22.30039,-0.018158,38.20238,-0.008148352,2.95,0.551564593,0.003688373,4.07,3.56,3.38,3.47,2.84,3.6,-0.943333333,0.036666667,-3.236673976
19560928,-0.010686,-0.026225,0.00617,0.007353,-0.031082,21.60726,-0.039899,36.67815,-0.028742448,2.94,0.571909521,0.002518761,4.37,3.75,3.59,3.7,3.21,3.46,0.356666667,0.593333333,-3.184635487
19561231,-0.004319,-0.037192,0.008015,0.007299,0.047381,22.63102,0.034934,37.95949,-0.030979365,2.96,0.544176827,0.004393803,4.43,3.66,3.41,3.46,3.08,3.41,-0.126666667,-0.113333333,-3.226547243
19570329,0.024272,0.047883,0.008786,0.007246,-0.027323,22.01269,-0.037161,36.54887,0.034329126,3,0.599818875,0.00228828,4.63,3.91,3.8,3.83,3.29,3.4,0.526666667,0.983333333,-3.174896541
19570627,-0.009602,-0.048045,0.007544,0.010791,0.078039,23.73054,0.067919,39.03124,-0.045798074,3.47,0.565876532,0.001362853,4.93,4.12,3.92,4.03,3.53,3.42,-1.183333333,-0.706666667,-3.234756867
19570930,0.002063,0.006723,0.009652,0.007117,-0.096754,21.43452,-0.105742,34.90399,-0.002503056,2.98,0.624150778,0.004218226,5.03,3.81,3.21,3.08,3.04,3.47,0.27,-0.206666667,-3.113927628
19571231,0.069665,0.089208,0.01102,0.003534,-0.053439,20.28909,-0.065462,32.61909,0.10426433,1.2,0.653675779,0.009677492,4.68,3.63,2.98,2.64,1.3,3.37,-2.146666667,-1.016666667,-3.070269895
19580331,0.022663,0.031863,0.007409,0.014084,0.069498,21.69914,0.057983,34.51045,0.004450256,0.93,0.668591638,0.002039919,4.55,3.57,2.97,2.46,0.83,3.14,1.196666667,1.896666667,-3.125216002
19580630,0.004402,-0.010516,0.003334,0.003472,0.087321,23.59394,0.076582,37.15335,0.015576618,1.76,0.62466017,0.001618081,4.87,4.09,3.76,3.69,2.44,2.93,0.536666667,0.47,-3.198533105
19580930,-0.045935,-0.058044,0.001365,0,0.116725,26.34793,0.106781,41.12063,-0.05596102,2.42,0.561371197,0.001794767,4.85,4.08,3.86,3.82,2.77,2.88,2.123333333,0.603333333,-3.287784806
19581231,-0.00299,-0.016932,0.008285,0,0.114839,29.3737,0.104736,45.42743,0.015388738,2.8,0.51177932,0.003036457,4.85,4.13,3.99,3.99,2.8,2.89,-0.84,0.373333333,-3.390139259
19590331,0.005624,0.001384,0.007295,0,0.025207,30.11411,0.017135,46.20582,0.001383673,3.39,0.516860282,0.00192111,5.04,4.46,4.34,4.5,3.21,3.11,1.226666667,1.996666667,-3.412960249
19590630,-0.012946,-0.022046,0.007649,0.00692,0.058952,31.8894,0.050844,48.55511,-0.024128897,3.76,0.483219391,0.001835421,5.18,4.52,4.68,4.9,4.04,3.4,0.66,-0.683333333,-3.459897793
19590930,0.009033,-0.008972,0.007863,0.006873,-0.024455,31.10954,-0.0319,47.00623,-0.006778467,3.99,0.492337893,0.00326734,5.28,4.58,4.69,5.01,4.49,3.43,0.423333333,-0.396666667,-3.432720775
19591231,0.004509,-0.016025,0.012596,0.003413,0.063608,33.08835,0.054059,49.54734,0.020332612,3.84,0.457783797,0.00142542,5.25,4.49,4.25,4.31,3.31,3.39,-1.783333333,0.69,-3.463602096
19600331,0.052533,0.077163,0.014338,0,-0.064925,30.94007,-0.072716,45.94444,0.043188426,3.32,0.549798083,0.00303881,5.26,4.45,4.15,4.12,2.46,3.39,-0.703333333,0.696666667,-3.375719517
19600630,0.018301,0.020482,0.010463,0.006803,0.041557,32.22586,0.032858,47.45408,0.009744055,2.6,0.529174862,0.001567673,5.01,4.25,3.8,3.61,2.48,3.26,-2.11,0.433333333,-3.392237505
19600930,0.02816,0.037439,0.006114,0,-0.05041,30.60138,-0.05824,44.69034,0.031163176,1.98,0.584341711,0.00338641,5.1,4.35,3.84,3.67,2.25,3.27,1.14,-0.243333333,-3.325914777
19601230,0.016008,0.003557,0.006996,0.006757,0.094341,33.48835,0.084389,48.46169,0.004129862,2.02,0.550422965,0.002167694,5.02,4.22,3.74,3.6,2.39,3.27,-0.213333333,-1.72,-3.409475025
19610330,0.006692,0.002046,0.006235,0,0.137096,38.07948,0.128799,54.70351,0.033106079,1.73,0.546679869,0.001703524,5.03,4.33,3.88,3.81,2.33,3.09,0.73,2.636666667,-3.520664044
19610630,0.000653,-0.00142,0.006708,0,0.002283,38.16641,-0.004775,54.44228,-0.014702785,1.88,0.540821101,0.00196246,5.12,4.45,3.98,3.9,2.28,3.03,0.783333333,-0.14,-3.524289514
19610929,0.012517,0.009886,0.006287,0.006711,0.036471,39.55839,0.029352,56.04029,0.016624376,2.33,0.527516721,0.001857088,5.1,4.42,4.06,3.91,2.6,3.05,-0.323333333,-1.56,-3.543312873
19611229,0.000918,-0.010663,0.005742,0,0.07479,42.51698,0.066374,59.75989,0.012895168,2.85,0.505922258,0.000964801,5.04,4.39,3.93,3.68,2.72,3.19,0.253333333,-0.4,-3.591130556
19620330,0.019899,0.040407,0.006999,0.003333,-0.021946,41.58389,-0.028782,58.0399,0.028541548,2.68,0.545724592,0.00135612,5.02,4.28,3.91,3.64,2.73,3.37,1.503333333,0.383333333,-3.558039767
19620629,0.004561,0.006812,0.006786,0.003322,-0.213514,32.70515,-0.220048,45.26835,0.01156308,2.9,0.687357469,0.01809566,5.03,4.32,3.98,3.7,2.78,3.47,1.783333333,-1.526666667,-3.313697636
19620928,0.01399,0.018973,0.007901,0.006622,0.035696,33.87258,0.02707,46.49378,0.021792279,2.93,0.666344261,0.003822434,4.92,4.24,3.86,3.56,2.87,3.53,-1.133333333,0.096666667,-3.33863989
19621231,0.01611,0.019217,0.00741,0,0.125765,38.13258,0.114495,51.81709,0.015372157,2.98,0.591627051,0.00527089,4.88,4.19,3.93,3.68,2.89,3.67,0.876666667,-1.72,-3.415817574
19630329,0.001575,0.003663,0.007348,0.003289,0.062645,40.52137,0.05446,54.63906,0.010834925,2.99,0.587528571,0.001451812,4.84,4.23,3.99,3.81,2.99,3.71,2.19,0.313333333,-3.459716451
19630628,0.005812,0.004907,0.007536,0.003279,0.049177,42.51408,0.041182,56.88922,0.003974125,3.48,0.567281575,0.000886919,4.84,4.31,4.08,3.96,3.38,3.84,1.403333333,-0.146666667,-3.467088049
19630930,0.004029,0.003674,0.008319,0.003268,0.038372,44.14543,0.030982,58.65176,0.003995288,3.38,0.547223625,0.001186595,4.85,4.35,4.13,4.04,3.52,3.96,0.34,-0.603333333,-3.480874156
19631231,0.005721,0.007553,0.008975,0.006515,0.04422,46.09754,0.034541,60.67764,0.002985565,3.43,0.525591454,0.003887282,4.83,4.38,4.22,4.14,3.54,4.02,0.496666667,-1.213333333,-3.490902925
19640331,0.006138,0.004017,0.009338,0,0.061843,48.94836,0.054266,63.97037,0.007859269,3.5,0.523675442,0.000369756,4.85,4.41,4.17,4.02,3.48,4.18,2.58,0.3,-3.524653302
19640630,0.015313,0.017677,0.009266,0.003236,0.037504,50.78411,0.02988,65.88178,0.014569469,3.45,0.512206855,0.000878386,4.82,4.42,4.2,4.08,3.53,4.33,0.703333333,-0.843333333,-3.527441456
19640930,0.009679,0.00886,0.009057,0.003227,0.039368,52.78341,0.032138,67.99912,0.01103797,3.85,0.486537121,0.000795319,4.81,4.44,4.18,4.09,3.84,4.47,0.806666667,-0.046666667,-3.530613274
19641231,0.006544,0.010278,0.009516,0.003215,0.01572,53.61317,0.006986,68.47417,0.013438462,4.04,0.4872273,0.000751148,4.78,4.42,4.21,4.15,3.93,4.55,-1.13,0.26,-3.524507202
19650331,0.010828,0.010466,0.009757,0.003205,0.035699,55.52713,0.028506,70.42612,0.010218099,4.04,0.469489905,0.00070364,4.85,4.46,4.21,4.15,3.8,4.68,0.496666667,2.656666667,-3.536512626
19650630,0.010681,0.011425,0.010304,0.009584,-0.024225,54.18197,-0.031505,68.20731,0.00159871,4.01,0.480858957,0.002325903,4.91,4.52,4.29,4.25,3.92,4.84,-0.123333333,-1.036666667,-3.492380145
19650930,0.003164,-0.004952,0.009783,0,0.081651,58.60599,0.074063,73.25896,-0.000203088,4.32,0.448537471,0.000928473,5.02,4.68,4.62,4.72,4.38,4.98,0.373333333,1.43,-3.544148018
19651231,-0.014488,-0.014139,0.010245,0.00633,0.04641,61.32589,0.037445,76.00214,-0.016009439,4.65,0.430637806,0.000631174,5.32,4.92,4.87,4.92,4.59,5.19,1.226666667,3.08,-3.551638458
19660331,0.010459,0.007007,0.011731,0.009434,-0.017597,60.24674,-0.024632,74.1301,-0.014971023,5.17,0.490175936,0.001419901,5.58,5.07,4.81,4.97,4.5,5.34,0.563333333,3.123333333,-3.507557547
19660630,-0.002525,-0.018463,0.012064,0.009346,-0.039024,57.89566,-0.046641,70.67256,0.00169271,5.4,0.520974601,0.002787966,6.09,5.49,5.18,5.5,5.37,5.46,-0.53,-0.076666667,-3.436679388
19660930,0.008237,0.007423,0.011547,0.009259,-0.093638,52.47441,-0.101309,63.51279,-0.02792266,5.4,0.585492496,0.005779368,6.18,5.39,4.84,5,4.96,5.51,0.653333333,-1.58,-3.319107054
19661230,0.035273,0.04776,0.01572,0.006116,0.067137,55.99741,0.056853,67.12371,0.044631161,4.53,0.576945106,0.003948134,5.85,5.13,4.54,4.54,4.26,5.55,-0.936666667,-0.186666667,-3.375983885
19670331,0.028468,0.01934,0.013142,0.00304,0.145022,64.11825,0.136221,76.26734,0.035976247,3.98,0.549550798,0.001647018,6.15,5.44,5.02,5.01,3.54,5.45,0.12,4.43,-3.479513496
19670630,-0.026571,-0.046384,0.010166,0.00909,0.027603,65.88808,0.019888,77.78411,-0.053898932,3.99,0.553204845,0.002798189,6.4,5.65,5.3,5.4,4.42,5.33,-0.293333333,2.853333333,-3.4891532
19670929,0.012096,-0.004859,0.010748,0.009009,0.078344,71.05004,0.07075,83.2873,0.012829063,4.51,0.513564846,0.000873606,6.93,6.19,5.7,5.75,4.97,5.3,0.546666667,2.216666667,-3.537253088
19671229,-0.003074,-0.021267,0.012563,0.008928,0.013286,71.99398,0.005203,83.72066,-0.042528283,5.05,0.525792445,0.00167058,6.85,6.11,5.74,5.76,5.17,5.33,-1.83,2.45,-3.534199457
19680329,0.016597,0.005185,0.012942,0.0118,-0.063968,67.38869,-0.071034,77.77368,0.019446879,6.07,0.566809807,0.002699282,7.07,6.28,5.72,5.85,5.52,5.44,1.776666667,-0.106666667,-3.460208933
19680628,0.021498,0.039574,0.01392,0.011661,0.136688,76.59994,0.128525,87.76955,0.020313147,5.78,0.530741813,0.002493553,6.79,5.97,5.46,5.48,5.19,5.57,0.16,3.996666667,-3.562303825
19680930,0.025061,0.026368,0.014369,0.011527,0.039875,79.65435,0.032796,90.64809,0.049808827,6.02,0.509195439,0.001341253,7.23,6.45,6.03,6.12,5.96,5.66,2.24,1.266666667,-3.582384172
19681231,-0.018015,-0.044944,0.013148,0.011396,0.031893,82.19475,0.024442,92.86369,-0.060647445,6.79,0.504900662,0.000865362,7.51,6.85,6.3,6.41,6.02,5.76,0.67,1.776666667,-3.605642063
19690328,0.017063,-0.008696,0.016592,0.016902,-0.031316,79.62074,-0.037991,89.33568,-0.022275952,8.9,0.557040236,0.001743978,7.7,6.98,6.57,6.75,6.44,5.82,0.71,-1.64,-3.555735296
19690630,-0.00877,-0.000289,0.015587,0.013851,-0.043448,76.16135,-0.050718,84.80474,0.013574688,9.15,0.596777334,0.001729565,8.05,7.14,7.16,7.57,7.09,5.84,-0.11,-2.18,-3.49797028
19690930,-0.027364,-0.044214,0.017577,0.013661,-0.039243,73.17252,-0.046555,80.85663,-0.025864376,8.97,0.640888463,0.004115476,8.65,7.72,7.65,7.96,7.82,5.89,-1.88,-0.356666667,-3.450745938
19691231,0.012545,-0.032599,0.018264,0.016172,0.001577,73.28793,-0.006675,80.31689,-0.047929195,7.76,0.651082013,0.00242643,8.63,7.84,7.07,7.21,6.63,5.78,-2.443333333,-0.796666667,-3.447245927
19700331,0.056532,0.098374,0.022387,0.013263,-0.025334,71.43127,-0.033111,77.65755,0.050018966,7.6,0.690326769,0.003089367,9.25,8.48,7.84,7.85,6.68,5.63,3.776666667,-0.606666667,-3.411737701
19700630,-0.005181,-0.036887,0.019308,0.015706,-0.205636,56.7424,-0.213242,61.09772,-0.040796589,6.29,0.793381417,0.01241847,9.39,8.09,7.39,7.29,6.12,5.52,3.62,-4.263333333,-3.195143379
19700930,0.041979,0.041704,0.017567,0.010309,0.181533,67.04302,0.171001,71.54549,0.080975568,4.9,0.712914761,0.005071609,9.12,7.64,6.39,5.95,4.87,5.36,-1.196666667,3.2,-3.343709406
19701231,0.070482,0.078565,0.016807,0.015306,0.093947,73.34148,0.08436,77.58103,0.087233864,3.71,0.646426358,0.002464031,8.46,7.21,5.7,5,3.38,5.13,0.97,-1.793333333,-3.417325692
19710331,0.061453,0.105858,0.012884,0.005025,0.117727,81.97577,0.109529,86.07843,0.040830924,4.91,0.633811383,0.00148519,8.75,7.64,6.52,6.53,4.75,5.22,-1.316666667,3.93,-3.516795556
19710630,-0.055151,-0.069609,0.007764,0.015,-0.001185,81.87864,-0.008382,85.35695,-0.029040764,5.55,0.643221043,0.001771399,8.59,7.44,6.14,6.14,4.69,5.32,-0.906666667,-1.003333333,-3.49716065
19710930,0.053826,0.084717,0.014224,0.004926,-0.004502,81.50999,-0.011665,84.36128,0.042023333,4.14,0.64608483,0.003493884,8.38,7.25,5.93,5.69,4.01,5.43,-0.04,-0.416666667,-3.497919245
19711231,0.043253,0.025375,0.01366,0.007353,0.045541,85.22202,0.037475,87.52276,0.054177134,3.83,0.643900247,0.003711249,8.24,7.24,6.07,5.87,3.73,5.7,-0.826666667,-0.443333333,-3.536877052
19720330,-0.006149,-0.006583,0.00919,0.007299,0.069873,91.1767,0.062829,93.02177,0.009782365,4.46,0.645901988,0.001323683,8.2,7.23,6.11,5.91,3.91,5.81,-0.833333333,2.406666667,-3.605502021
19720630,0.021611,0.01435,0.010127,0.007246,0.000615,91.23281,-0.006048,92.45917,0.012922022,4.87,0.654015479,0.001517796,8.09,7.22,6.55,6.25,4.66,5.97,-1.656666667,-0.816666667,-3.599304543
19720929,0.009158,-0.000063,0.010386,0.009593,0.023647,93.39018,0.017053,94.03587,0.013353287,5.33,0.637385001,0.001656189,7.93,7.08,6.36,6.16,5.07,6.14,1.98,-3.216666667,-3.61689074
19721229,0.011647,0.031322,0.011766,0.009501,0.070776,100,0.063424,100,0.034837389,7.09,0.595674595,0.001863906,8.03,7.29,6.71,6.8,6.09,6.42,1.286666667,-1.903333333,-3.674065356
19730330,-0.004561,-0.002614,0.01265,0.018823,-0.077908,92.20916,-0.083826,91.61739,0.001373574,8.49,0.676018128,0.003337743,8.13,7.37,6.9,6.69,7.19,6.8,2.386666667,-3.43,-3.596281887
19730629,0.013401,0.002965,0.015725,0.020785,-0.083006,84.55525,-0.089803,83.38985,-0.003435977,10.78,0.720974308,0.006759601,8.63,7.63,7.09,7.05,8.29,7.23,2.446666667,-4.353333333,-3.501018573
19730928,0.025311,0.02747,0.022193,0.022624,0.080926,91.39799,0.073143,89.48925,0.021417914,9.95,0.678808996,0.003898422,8.48,7.68,6.74,6.8,7.45,7.69,-0.663333333,2.94,-3.556098901
19731231,0.010906,0.012854,0.019151,0.022124,-0.111019,81.25106,-0.119202,78.82199,-0.007761702,9.35,0.755588463,0.011072826,8.62,8.01,7.21,7.31,7.96,8.16,3.29,-4.406666667,-3.413290761
19740329,-0.017802,-0.00713,0.017226,0.034633,-0.016754,79.88981,-0.024959,76.85471,-0.034969544,11.93,0.815184013,0.006981192,9.27,8.47,7.54,8.1,7.9,8.36,2.806666667,4.106666667,-3.36709177
19740628,-0.011406,-0.01143,0.02373,0.025104,-0.106981,71.34311,-0.115807,67.95436,-0.051775246,11.34,0.860158772,0.006128191,10.18,9.24,8.04,8.37,8.06,8.74,-0.063333333,-1.306666667,-3.223249258
19740930,0.033014,0.006532,0.022817,0.032653,-0.245408,53.83496,-0.254663,50.6489,-0.030758141,8.53,1.135440144,0.017520298,10.63,8.89,7.43,7.31,7.15,9.11,4.376666667,0.17,-2.936781758
19741231,0.05161,0.072322,0.01877,0.025692,0.087556,58.54856,0.072856,54.33896,0.092976184,5.54,1.120018175,0.017413231,10.48,8.67,7.73,7.3,5.49,8.89,-3.383333333,-3.173333333,-3.002536449
19750331,0.012838,0.015326,0.018744,0.015416,0.244761,72.87896,0.231315,66.90836,0.047585842,5.55,0.972466315,0.008598926,10.62,8.77,7.86,7.51,5.34,8.45,2.123333333,4.973333333,-3.179979161
19750630,0.010236,-0.001648,0.014034,0.017078,0.161037,84.61516,0.149842,76.934,0.035907364,6.24,0.84983902,0.005474266,10.61,8.95,8.43,8.37,6.42,7.96,-1.27,1.35,-3.294502791
19750930,0.001399,-0.035269,0.015897,0.018657,-0.117393,74.68192,-0.126337,67.21438,-0.032789862,5.2,0.940948254,0.005892159,10.56,8.79,8,7.76,5.44,7.76,0.38,-0.213333333,-3.138909117
19751231,0.054724,0.062637,0.018279,0.016484,0.076847,80.42104,0.065671,71.62842,0.092247151,4.84,0.876338851,0.004298148,10.12,8.52,7.73,7.49,5,7.96,1.35,-1.99,-3.2002405
19760331,0.020948,0.039064,0.013954,0.007207,0.164573,93.65615,0.154085,82.66525,0.042132425,5.48,0.784031217,0.004465439,9.89,8.62,7.86,7.61,5.41,8.66,4.773333333,3.553333333,-3.336510178
19760630,0.008014,0.011629,0.0131,0.016101,0.024018,95.90556,0.014245,83.8428,0.003038682,5.25,0.781427631,0.002915236,9.4,8.38,7.59,7.13,5.08,9.25,-0.233333333,-0.873333333,-3.330842013
19760930,0.035123,0.037077,0.014479,0.014085,0.016803,97.51707,0.007147,84.44202,0.055684538,4.65,0.791363274,0.002122399,9.12,7.98,6.87,6.1,4.35,9.55,0.746666667,-0.57,-3.298247538
19761231,0.05517,0.082568,0.014055,0.010416,0.04554,101.958,0.03424,87.33329,0.075180879,4.69,0.779973125,0.00296416,9.12,8.1,7.46,6.93,4.6,9.91,1.2,1.86,-3.268867311
19770331,-0.011987,-0.021709,0.011917,0.022337,-0.060272,95.81275,-0.07004,81.21647,-0.02314245,5.39,0.868429928,0.001696064,8.91,7.95,7.28,6.76,5.02,10.08,1.926666667,2.283333333,-3.166080216
19770630,0.031489,0.007123,0.012159,0.020167,0.045199,100.1434,0.0335,83.93723,0.038568355,6.14,0.871112081,0.002183021,8.8,7.92,7.34,7.04,5.81,10.42,1.216666667,1.063333333,-3.158338371
19770930,0.000813,0.008622,0.012901,0.011532,-0.024443,97.69561,-0.035126,80.98882,0.010864395,6.56,0.942262516,0.001640327,8.99,8.19,7.69,7.48,6.07,10.71,-1.29,1.696666667,-3.098444041
19771230,-0.000469,-0.006184,0.016101,0.0114,0.012636,98.93009,-0.000298,80.96472,-0.008247087,6.79,0.960333025,0.002740309,9.22,8.47,8.04,7.86,6.29,10.89,0.553333333,2.113333333,-3.072946384
19780331,0.005166,-0.003646,0.016481,0.020934,-0.032128,95.7517,-0.044341,77.37467,0.000338459,7.6,1.111492553,0.002200797,9.6,8.76,8.46,8.36,6.73,10.92,1.756666667,3.096666667,-2.992008738
19780630,-0.000362,-0.011453,0.016871,0.028391,0.096098,104.9533,0.082874,83.78702,-0.010805233,8.45,1.027901581,0.003853632,9.42,8.69,8.42,8.43,7.85,11.23,-1.19,2.216666667,-3.052988187
19780929,0.019598,0.026071,0.017208,0.019939,0.093927,114.8113,0.081991,90.65684,0.031086484,10.03,0.972257513,0.00280019,9.94,9.16,9.01,9.08,9.08,11.57,0.1,1.643333333,-3.106013036
19781229,-0.010227,-0.016162,0.021111,0.018046,-0.064684,107.3848,-0.077517,83.62936,-0.020576617,10.09,1.045701296,0.006946597,10.26,9.37,9.12,9.2,9.48,12.33,-1.016666667,-1.876666667,-2.997162243
19790330,0.028549,0.026146,0.023878,0.031019,0.088459,116.884,0.07485,89.88904,0.016021344,10.29,1.033078939,0.002615956,10.38,9.29,8.91,8.85,9.06,13.3,0.933333333,2.433333333,-3.034217759
19790629,0.045202,0.043003,0.025705,0.035817,0.041442,121.7279,0.027998,92.40572,0.044851691,11.43,1.057863607,0.002142521,10.54,9.44,9.33,9.41,10.26,13.98,1.283333333,1.17,-3.019876752
19790928,-0.00944,-0.016756,0.022077,0.031812,0.082234,131.7381,0.069813,98.85683,-0.020357077,13.78,1.013794987,0.002447225,12.06,10.74,10.39,10.42,12.04,14.63,-0.24,1.03,-3.0551281
19791231,-0.007674,-0.010189,0.030411,0.028151,0.014149,133.6021,0.000701,98.92611,-0.078833021,17.19,1.061950068,0.004617369,14.45,12.96,12.75,13.47,15.2,14.86,-2.363333333,1.19,-3.02080739
19800331,-0.062953,-0.041908,0.028047,0.044329,-0.061554,125.3784,-0.073109,91.69376,-0.132125143,9.47,1.093732103,0.008425881,12.71,10.58,9.78,9.21,7.07,15.29,0.453333333,-2.27,-2.943860256
19800630,0.168053,0.159115,0.042495,0.032459,0.157591,145.1369,0.143142,104.819,0.242270121,10.87,0.990183427,0.005626393,13.7,12.02,11.51,11.62,10.27,14.94,0.186666667,1.6,-3.053827588
19800930,-0.06264,-0.075855,0.018551,0.015719,0.126916,163.5571,0.11435,116.805,-0.107164815,18.9,0.921687652,0.005728368,15.14,13.21,12.84,13.25,15.49,14.64,-4.576666667,3.02,-3.12841117
19801231,0.011862,0.013076,0.031439,0.027382,0.088371,178.0108,0.076685,125.7621,0.01022014,14.7,0.891503024,0.007561215,15.34,13.33,13.12,13.41,13.36,14.82,-2.803333333,-0.42,-3.195355232
19810331,0.006873,-0.006133,0.040215,0.025492,0.019833,181.5413,0.008586,126.842,-0.009680314,19.1,0.924920557,0.005204295,15.8,13.75,13.47,13.95,14.73,14.58,2.826666667,2.09,-3.152570809
19810630,0.008598,-0.001752,0.033443,0.023729,-0.008136,180.0643,-0.019008,124.4309,-0.019726094,15.87,0.950474982,0.002749237,16.92,15.49,15.32,15.93,14.7,15.01,2.32,1.856666667,-3.123423832
19810930,-0.039679,-0.058077,0.041202,0.028698,-0.119184,158.6036,-0.129724,108.2892,-0.08891531,12.37,1.092378644,0.005689173,16.55,14.23,13.72,13.6,10.85,15.27,3.126666667,-2.263333333,-2.985516666
19811231,0.092041,0.126897,0.040479,0.008584,0.077617,170.9139,0.0643,115.2523,0.116647808,14.68,1.061142857,0.004488118,16.82,14.58,13.86,13.98,12.68,15.36,-0.523333333,0.78,-3.033872947
19820331,0.024237,0.02779,0.029054,0.005318,-0.085327,156.3303,-0.097775,103.9835,0.049045184,14.15,1.185750574,0.006235354,16.92,14.81,14.3,14.43,12.47,14.81,4.35,-0.33,-2.927323664
19820630,0.024812,0.021905,0.035239,0.026455,-0.010409,154.703,-0.02416,101.4713,0.009560905,10.31,1.201581417,0.003591907,15.63,12.94,12.34,12.25,7.92,14.17,0.19,0.526666667,-2.893797922
19820930,0.133484,0.164991,0.04055,0.009278,0.114414,172.4032,0.099515,111.5692,0.213380094,8.95,1.088535565,0.00950579,14.14,11.83,10.54,10.22,7.94,13.56,0.55,-0.13,-2.953632967
19821231,0.078585,0.128365,0.021173,-0.003065,0.193814,205.8174,0.180164,131.67,0.109378866,8.77,0.932214727,0.014107872,13.61,11.73,10.51,10.08,8.35,12.64,-1.876666667,2.313333333,-3.105479841
19830331,0.021706,0.009627,0.019758,0.003073,0.110553,228.571,0.098604,144.6532,0.040435263,8.98,0.780067786,0.006764313,13.37,11.74,10.85,10.63,8.79,12.42,0.626666667,2.566666667,-3.176289591
19830630,0.011698,0.000152,0.022551,0.016343,0.129578,258.1888,0.119087,161.8795,0.015929607,9.45,0.721382042,0.00390755,13.55,12.37,11.65,11.43,9,12.59,-1.556666667,2.533333333,-3.274376156
19830930,0.013111,0.009353,0.025145,0.01206,-0.012638,254.9257,-0.021957,158.325,-0.003024826,9.47,0.714847583,0.004719163,13.75,12.57,11.83,11.54,9,13.3,4.086666667,-0.76,-3.252691514
19831230,0.021674,0.004646,0.022772,0.005958,-0.009819,252.4225,-0.019648,155.2143,0.008326007,9.91,0.700359118,0.002479747,13.99,12.57,12.32,12.02,9.52,14.03,2.036666667,-0.616666667,-3.22743483
19840330,0.003587,-0.016936,0.022916,0.012833,-0.038889,242.6062,-0.048716,147.6528,-0.014383787,11.06,0.762475427,0.004168673,15.05,13.55,13.56,13.48,9.87,15.26,3.823333333,-0.69,-3.185310495
19840629,-0.016589,-0.041343,0.026508,0.010721,-0.027697,235.8868,-0.038559,141.9595,-0.036446834,11.3,0.784351819,0.003644332,14.35,12.66,12.52,12.53,10.37,16.2,-0.35,-0.496666667,-3.131976031
19840928,0.076031,0.109652,0.027533,0.012536,0.090184,257.16,0.079117,153.191,0.125359529,8.38,0.736050915,0.004935706,13.4,12.13,11.5,11.07,8.06,16.56,1.32,-0.753333333,-3.198110322
19841231,0.081682,0.082445,0.029855,0.002857,0.012643,260.4113,0.001596,153.4355,0.093431682,8.58,0.733098377,0.003502199,13.69,12.56,11.86,11.52,8.52,16.64,1.473333333,-0.806666667,-3.178170366
19850329,0.019062,0.022266,0.020536,0.010446,0.102134,287.0081,0.091397,167.4591,0.011780131,7.53,0.723645779,0.003183417,12.4,10.94,10.16,9.6,6.95,16.39,-0.483333333,0.96,-3.246722325
19850628,0.084875,0.104163,0.023352,0.011278,0.071472,307.521,0.061333,177.7298,0.123273626,7.92,0.686430144,0.002035282,12.48,11.07,10.37,9.81,7.1,15.61,1.09,-0.55,-3.291894478
19850930,0.023642,0.020889,0.019243,0.006506,-0.04467,293.7841,-0.053866,168.1562,0.020781856,8.27,0.68995883,0.002214186,11.58,10.16,9.26,8.73,7.1,15.23,0.656666667,0.31,-3.226970377
19851231,0.070685,0.103943,0.019541,0.009233,0.164835,342.2098,0.153907,194.0367,0.121352701,7.48,0.592692688,0.003084931,10.5,9,7.78,7.46,6.56,14.61,-1.206666667,-0.61,-3.348590387
19860331,0.068519,0.130214,0.019031,-0.004575,0.141402,390.5989,0.132043,219.6579,0.107687383,6.92,0.519627628,0.004383206,10.34,9.13,7.8,7.64,6.21,14.52,-0.283333333,0.016666667,-3.448184474
19860630,0.017943,0.022628,0.017088,0.006434,0.05739,413.0156,0.04909,230.4409,0.006650548,5.89,0.499281457,0.005425483,10.2,8.89,7.45,6.92,5.21,14.71,-0.52,0.203333333,-3.478340103
19860930,0.035351,0.012045,0.016064,0.006392,-0.076691,381.3409,-0.083904,211.106,0.018935438,6.91,0.534629267,0.007883862,9.97,8.49,7.11,6.67,5.53,14.85,3.83,-1.756666667,-3.38681169
19861231,0.031494,0.027544,0.01368,0.002722,0.037033,395.4631,0.027492,216.9097,0.054839262,6.13,0.498430866,0.003983814,9.61,8.36,7.25,6.79,5.59,14.48,-0.336666667,-1.44,-3.389487151
19870331,0.011199,-0.000409,0.014934,0.014479,0.210556,478.7304,0.202038,260.7337,0.01858581,6.73,0.428040214,0.005861652,10.52,9.32,8.4,8.02,5.67,15.1,-2.503333333,0.683333333,-3.569186946
19870630,-0.015027,-0.037977,0.015664,0.012489,0.031177,493.6556,0.023389,266.8319,-0.040493614,7.22,0.407892397,0.007753435,11.31,10.18,9.42,8.94,6.4,14.42,0.29,-1.466666667,-3.564451793
19870930,-0.023941,-0.05853,0.014697,0.013216,0.060539,523.541,0.053022,280.9798,-0.060695836,6.77,0.379966722,0.005129131,11.29,10.11,8.99,8.45,5.77,15.86,0.013333333,-0.29,-3.571627859
19871231,0.055512,0.072188,0.019517,0.003478,-0.230808,402.7037,-0.238502,213.9655,0.086387026,6.58,0.508812016,0.084582815,10.57,9.39,8.37,7.83,5.7,17.5,0.96,-1.843333333,-3.280629264
19880331,0.032022,0.037666,0.01523,0.009532,0.080656,435.1843,0.069999,228.9429,0.046168647,7.51,0.507529954,0.012784124,11,9.86,8.92,8.49,6.46,18.59,1.39,2.916666667,-3.295921784
19880630,0.009237,0.003232,0.015129,0.012875,0.063492,462.815,0.054298,241.3741,0.016607409,8.19,0.471118872,0.008376658,10.9,9.82,8.98,8.69,7.24,21.67,0.973333333,0.16,-3.340089918
19880930,0.014437,0.020278,0.017257,0.015254,0.000824,463.1961,-0.008913,239.2226,0.026652286,8.76,0.477540454,0.0044937,10.65,9.57,9.11,9.09,8.07,22.73,1.206666667,-0.473333333,-3.291640957
19881230,0.001209,0.004234,0.019299,0.005844,0.022039,473.4046,0.010554,241.7473,0.013877391,9.85,0.465283574,0.003607632,10.67,9.8,9.36,9.51,8.82,23.75,0.466666667,-0.896666667,-3.238396133
19890331,0.007193,0.010374,0.021193,0.014938,0.071077,507.0527,0.061275,256.5604,0.013484472,9.53,0.468691414,0.003427106,10.03,9.1,8.28,8.29,8.15,24.96,0.613333333,0.453333333,-3.28848699
19890630,0.079706,0.100317,0.024215,0.014717,0.084137,549.7148,0.074401,275.6487,0.101877557,9.02,0.440562937,0.003458204,9.91,9.01,8.19,8.17,7.75,25.22,-0.026666667,-0.546666667,-3.320006695
19890929,0.009246,0.00357,0.020777,0.007252,0.099341,604.324,0.090132,300.4934,0.005214699,8.45,0.39920975,0.002949486,9.82,8.86,7.84,7.75,7.63,23.69,-1.153333333,-1.08,-3.387603416
19891229,0.037206,0.041608,0.021223,0.008801,0.006083,607.9998,-0.00221,299.8293,0.035414076,8.28,0.390454744,0.00740421,10.21,9.37,8.59,8.6,7.9,22.87,-0.623333333,-2.316666667,-3.410879174
19900330,-0.009294,-0.028089,0.019578,0.020619,-0.033477,587.6458,-0.041496,287.3875,-0.021354775,8.29,0.471333956,0.004932927,10.22,9.26,8.48,8.43,7.73,21.67,-0.473333333,0.42,-3.364983454
19900629,0.033669,0.032971,0.021064,0.009324,0.053693,619.1982,0.044409,300.1502,0.040667806,8.2,0.442949432,0.00367907,10.64,9.56,8.89,8.51,7.36,21.26,-2.743333333,-0.546666667,-3.391457494
19900928,0.018183,-0.005174,0.020535,0.021555,-0.148879,527.0126,-0.156361,253.2184,-0.01037345,7.31,0.520289666,0.009111045,10.43,9.05,8.08,7.73,6.74,21.74,0.766666667,-3.486666667,-3.250834662
19901231,0.052214,0.070046,0.020656,0.00829,0.083477,571.0061,0.072907,271.6797,0.059478873,6.12,0.48449686,0.00772729,10.09,8.93,8.11,7.77,5.91,21.34,-1.493333333,-1.463333333,-3.302562612
19910328,0.016692,0.02085,0.016655,0.008969,0.161291,663.104,0.152157,313.0177,0.03837614,5.9,0.4571256,0.006999948,9.96,9.01,8.28,7.94,5.57,20.94,-1.203333333,3.876666667,-3.436516498
19910628,0.014334,0.007731,0.015564,0.007407,-0.001792,661.9158,-0.009647,309.998,0.015921863,5.45,0.458243743,0.004837875,9.51,8.61,7.65,7.14,5.22,19.41,0.686666667,0.076666667,-3.447814649
19910930,0.060612,0.071818,0.015418,0.008824,0.06307,703.6628,0.055341,327.1536,0.072969516,4.43,0.441531837,0.003617697,9.26,8.31,7.09,6.19,4.07,17.82,-1.01,0.763333333,-3.486560616
19911231,0.056735,0.069572,0.014743,0.005102,0.084504,763.1252,0.076539,352.1937,0.059197207,3.98,0.420344417,0.005224186,9.25,8.35,7.54,6.95,4.04,15.97,-2.13,-0.606666667,-3.5674207
19920331,-0.019952,-0.02332,0.009842,0.010153,-0.011832,754.0963,-0.018501,345.6776,-0.015108658,3.76,0.402106034,0.002255451,9.05,8.22,7.26,6.48,3.66,16.19,4.843333333,2.773333333,-3.562167672
19920630,0.046762,0.045826,0.010923,0.006461,0.000289,754.3141,-0.00676,343.3408,0.043062474,3.22,0.392042354,0.003104004,8.62,7.92,6.42,5.38,2.91,17.05,2.996666667,-2.94,-3.557637234
19920930,0.057864,0.06657,0.010188,0.007846,0.030924,777.6406,0.023887,351.542,0.050373964,2.92,0.397656972,0.002139251,8.81,7.98,6.77,6.08,3.22,18.04,-0.59,1.85037E-17,-3.579171221
19921231,-0.011252,0.001022,0.007653,0.004247,0.070306,832.3131,0.063154,373.7432,0.013791546,3.07,0.394109614,0.001923788,8.15,7.58,5.98,5.19,2.95,19.09,-0.353333333,2.463333333,-3.649771482
19930331,0.051365,0.060836,0.008014,0.01198,0.043685,868.6727,0.037,387.5718,0.0538681,3.04,0.333613526,0.002500441,8.07,7.33,5.96,5.22,3.07,19.84,4.503333333,-0.39,-3.670841561
19930630,0.02474,0.039523,0.007698,0.005572,0.008906,876.4089,0.002351,388.4829,0.036721665,3.09,0.325931248,0.002395918,7.34,6.66,5.36,4.73,2.95,19.33,0.606666667,0.316666667,-3.662711811
19930930,0.025666,0.037846,0.008275,0.004848,0.039321,910.87,0.03294,401.2797,0.043454644,2.96,0.322351822,0.001361204,7.69,6.93,5.77,5.15,3.06,20.41,0.786666667,1.45,-3.688875307
19931231,-0.003082,-0.009,0.008105,0.004824,0.019658,928.7755,0.013334,406.6305,-0.007188312,3.34,0.305267223,0.001160219,8.13,7.48,6.48,5.94,3.5,21.89,-0.413333333,0.416666667,-3.699807181
19940331,-0.027232,-0.0523,0.007708,0.009601,-0.039614,891.9833,-0.04551,388.1247,-0.046933873,4.25,0.307483805,0.002341705,8.65,7.97,7.1,6.7,4.14,22.71,0.643333333,0.633333333,-3.663307366
19940630,-0.011254,-0.016982,0.009919,0.005435,-0.00951,883.5001,-0.016071,381.8871,-0.023811557,4.73,0.308417077,0.002921279,8.98,8.34,7.46,7.08,4.62,25.2,1.19,-1.126666667,-3.646511204
19940930,0.005452,-0.001272,0.011247,0.00946,0.054799,931.9146,0.048299,400.332,0.000470048,5.45,0.290904659,0.001689524,9.1,8.46,7.81,7.78,5.6,27.33,-1.366666667,0.816666667,-3.693339591
19941230,-0.003045,0.005906,0.01324,0.002008,-0.010923,921.7353,-0.017624,393.2764,0.012440619,5.98,0.2915683,0.002699731,8.7,8.12,7.2,7.05,5.73,30.6,-0.713333333,-0.683333333,-3.66108871
19950331,0.048175,0.061205,0.015176,0.011356,0.089508,1004.238,0.082802,425.8404,0.065264619,6,0.313876542,0.00124614,7.9,7.3,6.17,5.93,5.47,32.55,0.266666667,-1.336666667,-3.717191847
19950630,0.061915,0.084974,0.015333,0.007266,0.092943,1097.574,0.086424,462.6433,0.090249714,5.8,0.286429618,0.001965174,7.93,7.32,6.2,6,5.28,34.43,0.57,0.03,-3.77815416
19950929,0.012034,0.018473,0.014303,0.00459,0.088656,1194.881,0.082241,500.6917,0.026553443,5.6,0.272494998,0.001361425,7.49,6.82,5.71,5.51,5.14,35.18,0.096666667,0.526666667,-3.812307842
19951229,0.039601,0.057043,0.014767,0.001958,0.046659,1250.633,0.040885,521.1625,0.066931468,5.31,0.255026383,0.001854538,8.03,7.35,6.27,5.97,4.96,33.96,0.356666667,-1.443333333,-3.833735972
19960329,-0.015013,-0.032801,0.012634,0.014332,0.056323,1321.072,0.050993,547.7379,-0.048484841,5.27,0.239299615,0.004393274,8.4,7.71,6.91,6.69,5.09,34.04,-0.036666667,0.193333333,-3.871070273
19960628,0.001951,-0.008643,0.01313,0.006423,0.044252,1379.532,0.039082,569.1445,0.001425262,5.3,0.236443725,0.002501936,8.35,7.66,6.83,6.6,5.09,34.91,-1.183333333,1.46,-3.90452049
19960930,0.017116,0.018081,0.014193,0.00702,0.028697,1419.12,0.023413,582.4698,0.019737419,5.29,0.227297318,0.004162893,7.89,7.2,6.3,6.07,4.91,36,0.28,-0.806666667,-3.924204759
19961231,0.025086,0.034593,0.013123,0.00507,0.067896,1515.472,0.062659,618.9667,0.043571131,5.39,0.20734273,0.003019424,8.18,7.55,6.69,6.54,5.14,38.73,2.386666667,-1.713333333,-3.971214939
19970331,-0.008585,-0.021438,0.012755,0.008828,0.005077,1523.166,0.000567,619.3175,-0.022107667,5.56,0.214780202,0.004836331,8.02,7.41,6.49,6.38,4.93,40.24,2.453333333,-1.71,-3.970611608
19970630,0.03225,0.048469,0.013973,0.001875,0.166287,1776.448,0.161363,719.2527,0.050723364,5.54,0.184287615,0.00698692,7.7,7.15,6.21,6.11,4.95,40.55,-0.903333333,0.186666667,-4.101770805
19970930,0.030046,0.042015,0.013793,0.005615,0.098136,1950.782,0.093798,786.717,0.050755041,5.5,0.177967857,0.007101407,7.32,6.76,5.81,5.77,5.16,40.64,0.736666667,2.373333333,-4.181987785
19971231,0.023707,0.041176,0.013325,0.00062,0.012647,1975.453,0.008536,793.4326,0.046172014,5.49,0.178800884,0.014275219,7.32,6.72,5.65,5.61,5.03,39.72,2.063333333,-2.66,-4.175323219
19980331,0.015622,0.015765,0.013306,0.005579,0.133445,2239.069,0.129514,896.1931,0.016839774,5.56,0.181140396,0.004659042,7.13,6.53,5.5,5.52,4.98,39.54,-0.176666667,-0.693333333,-4.270616476
19980630,0.018005,0.027171,0.013282,0.004933,0.016336,2275.646,0.012785,907.6507,0.033842528,5.51,0.178060606,0.004670912,7.09,6.4,4.81,4.62,4.61,38.97,0.856666667,-2.233333333,-4.272726886
19980930,0.060403,0.091994,0.014049,0.003681,-0.125027,1991.129,-0.128506,791.0125,0.044684392,4.68,0.203248404,0.021533111,7.23,6.22,4.65,4.45,4.39,38.09,-0.29,-3.523333333,-4.13225605
19981231,-0.002933,-0.007379,0.011368,0.001834,0.212973,2415.186,0.208705,956.1011,0.008494487,4.81,0.173611315,0.010395237,7.53,6.62,5.23,5.14,4.44,37.71,-3.273333333,-0.856666667,-4.310704607
19990331,-0.010929,-0.032582,0.010985,0.006712,0.036797,2504.058,0.033454,988.086,-0.028098889,4.76,0.172897171,0.010031306,8.02,7.23,5.9,5.81,4.57,38.38,-1.76,-3.073333333,-4.337579809
19990630,-0.007779,-0.032888,0.01158,0.007273,0.079589,2703.354,0.075775,1062.958,-0.035638436,5.22,0.154227447,0.008221533,8.2,7.39,5.92,5.8,4.68,41.02,0.443333333,3.49,-4.366225637
19990930,0.012044,0.003251,0.012932,0.010229,-0.062242,2535.092,-0.065339,993.5057,-0.004699617,5.3,0.163684498,0.007046005,8.19,7.55,6.28,6.19,5.2,43.96,-1.82,1.58,-4.288753652
19991231,-0.006874,-0.024904,0.012848,0.002383,0.193436,3025.47,0.18994,1182.212,-0.007934625,5.85,0.147167259,0.007378964,8.37,7.68,6.26,6.5,5.69,48.17,-6.043333333,2.513333333,-4.455510844
20000331,0.021228,0.038547,0.013454,0.017231,0.043908,3158.313,0.041123,1230.828,0.024100344,6.53,0.149973562,0.014885116,8.48,7.67,6.1,6.3,5.69,50.95,-0.946666667,3.26,-4.48885695
20000630,0.01912,0.013619,0.015532,0.00701,-0.049438,3002.174,-0.052101,1166.701,0.004291426,6.52,0.156777962,0.015486962,8.35,7.62,5.8,5.93,6,51.92,0.44,0.34,-4.471541236
20000929,0.03081,0.019969,0.014979,0.00754,0.001962,3008.064,-0.000653,1165.939,0.036387202,6.4,0.153789463,0.004704729,8.02,7.21,5.24,5.17,5.77,53.7,4.51,-1.743333333,-4.489095423
20001229,0.048482,0.066293,0.016189,0.001728,-0.106472,2687.79,-0.10916,1038.665,0.058753145,5.31,0.151851504,0.014139869,7.84,6.98,4.89,4.64,4.42,50,8.093333333,-1.87,-4.399760323
20010330,0.033438,0.018642,0.015623,0.012644,-0.129352,2340.118,-0.131967,901.595,0.046013668,3.97,0.133113551,0.014609127,7.97,7.18,5.28,4.81,3.49,45.44,4.823333333,2.056666667,-4.304440731
20010629,-0.004026,-0.024009,0.011366,0.010215,0.075938,2517.821,0.072618,967.0674,0.005732311,3.07,0.125209433,0.011470826,8.03,7.17,4.73,4.12,2.64,36.79,-0.86,3.05,-4.398172228
20010928,0.059299,0.069691,0.010852,0.001685,-0.160714,2113.172,-0.16381,808.6523,0.03626876,1.82,0.148628588,0.012288667,8.05,6.77,5.09,4.39,1.69,28.31,3.223333333,-2.656666667,-4.224096686
20011231,-0.007015,-0.021786,0.006256,-0.008973,0.1286,2384.927,0.124564,909.3809,0.014861734,1.73,0.131217846,0.007237063,8.11,6.81,5.28,4.74,1.79,24.69,-1.663333333,3.93,-4.330574269
20020328,-0.007983,-0.020713,0.004243,0.011885,0.005686,2398.487,0.002376,911.5416,0.000321039,1.75,0.236833402,0.006766545,7.95,6.63,4.93,4.19,1.7,24.7,2.31,1.44,-4.308723806
20020628,0.051728,0.060126,0.004715,0.006152,-0.12568,2097.045,-0.128968,793.9822,0.044455157,1.75,0.266572502,0.010129311,7.4,6.15,3.87,2.94,1.63,26.74,1.91,2.333333333,-4.170327088
20020930,0.076909,0.111668,0.004636,0.006114,-0.166364,1748.173,-0.170067,658.9516,0.089840701,1.24,0.324555156,0.032118131,7.45,6.21,4.03,3.03,1.19,30.04,0.136666667,-1.723333333,-3.988270108
20021231,0.006978,-0.006461,0.004237,-0.000553,0.079951,1887.942,0.074961,708.3474,0.024379637,1.25,0.295385896,0.01867824,6.95,5.89,3.81,2.78,1.13,27.59,-1.446666667,-0.016666667,-4.058595037
20030331,0.010443,0.011975,0.003135,0.018242,-0.028509,1834.118,-0.032875,685.0607,0.020326997,1.22,0.286117701,0.013867806,6.19,4.97,3.33,2.27,0.92,30.32,-1.486666667,0.643333333,-4.018457178
20030630,0.024129,0.032918,0.003331,-0.002715,0.170227,2146.334,0.164872,798.0081,0.055762166,1.01,0.254488337,0.007290921,6.79,5.72,4.27,3.18,0.94,34.55,0.476666667,2.306666667,-4.117982305
20030930,-0.000923,-0.018612,0.002537,0.008165,0.039111,2230.28,0.03469,825.6909,-0.021256298,0.98,0.246541783,0.004881206,6.6,5.62,4.27,3.27,0.9,38.58,0.3,2.88,-4.107844343
20031231,-0.005371,-0.012726,0.002551,-0.00486,0.12696,2513.437,0.121899,926.3422,-0.001516917,1,0.218739865,0.003220908,6.11,5.33,3.83,2.79,0.94,48.74,2.01,0.566666667,-4.159348413
20040331,0.029556,0.045477,0.002451,0.016821,0.027791,2583.288,0.023889,948.4713,0.049067488,1.03,0.281731466,0.003570793,6.78,6.01,4.73,3.93,1.27,52,0.896666667,1.04,-4.147480539
20040630,-0.033214,-0.045891,0.002386,0.012274,0.010879,2611.391,0.006265,954.4137,-0.051379984,1.61,0.279631603,0.002979306,6.27,5.46,4.13,3.36,1.65,56.15,-0.54,-0.003333333,-4.107601697
20040930,0.02875,0.047592,0.003485,0.001055,-0.015222,2571.639,-0.019358,935.9377,0.069318931,2.16,0.289485302,0.002925606,6.15,5.47,4.23,3.6,2.19,57.77,1.63,-0.8,-4.061660235
20041231,-0.000605,0.006593,0.004696,0.002107,0.104402,2840.123,0.097108,1026.825,0.02167105,2.63,0.270619243,0.00281573,6.06,5.4,4.5,4.17,2.74,58.55,0.36,1.44,-4.002218561
20050331,-0.01297,-0.008384,0.005699,0.015765,-0.02135,2779.486,-0.025588,1000.551,0.003487388,3.04,0.319856889,0.002515739,5.86,4.96,4,3.77,2.97,60.22,1.74,-1.126666667,-3.937805105
20050630,0.030349,0.054399,0.007134,0.006207,0.023475,2844.735,0.018608,1019.169,0.078155272,3.62,0.326979057,0.003227396,6.03,5.13,4.2,4.01,3.42,63.26,0.49,0.506666667,-3.93123045
20050930,-0.01169,-0.019247,0.008354,0.022108,0.048135,2981.666,0.043797,1063.806,-0.032616796,4.16,0.31789151,0.002006513,6.32,5.37,4.47,4.39,3.89,66.47,0.506666667,0.476666667,-3.950726649
20051230,0.001313,0.005457,0.009258,-0.010061,0.022129,3047.647,0.017167,1082.068,0.011557246,4.59,0.313477957,0.002790881,6.41,5.53,4.72,4.72,4.51,69.83,-0.176666667,-0.256666667,-4.046363031
20060331,-0.010104,-0.024105,0.010441,0.015244,0.058108,3224.741,0.053438,1139.891,-0.037155631,4.99,0.316009441,0.002169177,6.78,5.89,5.11,5.07,4.79,72.67,0.493333333,2.863333333,-4.061964944
20060630,-0.002147,-0.006786,0.01152,0.015516,-0.018841,3163.984,-0.023729,1112.842,-0.020550185,5.25,0.31485029,0.00405777,6.43,5.51,4.72,4.67,4.81,74.49,2.006666667,-1.58,-4.002782164
20060929,0.034856,0.050125,0.013159,0.000001,0.04304,3300.162,0.038495,1155.682,0.080065567,5.24,0.300593284,0.00243428,6.22,5.32,4.56,4.53,4.85,78.57,0.423333333,-1.51,-4.009744016
20061229,0.005014,0.004771,0.012383,-0.005421,0.073225,3541.816,0.067871,1234.119,0.013539812,5.26,0.2816824,0.001400289,6.27,5.3,4.56,4.48,4.94,81.51,1.07,0.496666667,-4.032966844
20070330,0.017831,0.014043,0.012635,0.017602,0.018137,3606.056,0.013666,1250.984,-0.000188149,5.25,0.269050014,0.003514851,6.7,5.79,5.1,5.03,4.61,83.15,-0.143333333,0.456666667,-4.025527896
20070629,-0.005927,-0.014534,0.012872,0.014609,0.064393,3838.262,0.059178,1325.015,-0.018789272,4.94,0.24789561,0.002751122,6.59,5.74,4.52,4.2,3.89,84.92074431,-0.77,-0.423333333,-4.041311143
20070928,0.041009,0.040965,0.013697,0.000663,0.019583,3913.428,0.01508,1344.996,0.025612703,4.24,0.239207437,0.009428738,6.65,5.49,4.1,3.49,3,78.60074431,-2.476666667,-1.643333333,-4.017941952
20071231,0.045755,0.054015,0.010719,0.007415,-0.029045,3799.763,-0.034001,1299.265,0.019616475,2.61,0.250582973,0.009665044,6.89,5.51,3.51,2.48,1.26,66.18074431,-1.43,-0.733333333,-3.963796284
20080331,0.054042,0.059771,0.009139,0.016626,-0.092391,3448.698,-0.096891,1173.378,-0.011280139,2,0.254057567,0.014395103,7.07,5.68,4.1,3.49,1.86,60.39074431,0.856666667,-0.063333333,-3.848663027
20080630,-0.032021,-0.024511,0.003181,0.024761,-0.008421,3419.657,-0.013807,1157.177,-0.024837072,1.81,0.274491388,0.00796953,7.31,5.65,3.69,2.88,1.13,51.37,-1.583333333,0.953333333,-3.842937337
20080930,0.025525,0.02144,0.005689,-0.000147,-0.100139,3077.216,-0.10493,1035.754,-0.085324068,0.16,0.287123548,0.031688498,8.43,5.05,2.42,1.52,0.03,45.95,4.576666667,1.633333333,-3.749259859
20081231,0.08091,0.114308,0.002296,-0.039102,-0.238178,2344.291,-0.244019,783.0105,0.233587252,0.18,0.354984225,0.114435524,8.42,5.5,2.82,1.82,0.21,14.88,-3.053333333,-0.556666667,-3.495111996
20090331,-0.003527,-0.014897,0.000593,0.011801,-0.098068,2114.391,-0.105454,700.4387,-0.124356081,0.21,0.446140845,0.042296687,7.5,5.61,3.72,2.71,0.18,6.86,-4.963333333,0.073333333,-3.386331121
20090630,-0.036869,-0.048937,0.000585,0.014029,0.181999,2499.209,0.174899,822.945,0.082354666,0.15,0.401876406,0.01740468,6.31,5.13,3.4,2.37,0.12,7.51,0.86,1.683333333,-3.606040435
20090930,0.022173,0.029009,0.000687,0.001279,0.167607,2918.093,0.16176,956.0645,0.110847998,0.12,0.349521431,0.007861546,6.37,5.26,3.59,2.34,0.05,12.54,4.653333333,1.21,-3.789303905
20091231,-0.005978,-0.023185,0.000365,-0.000092,0.057351,3085.449,0.051564,1005.363,-0.021658154,0.16,0.32553066,0.006832806,6.27,5.27,3.73,2.43,0.15,50.97,-1.45,-0.21,-3.86378508
20100331,0.015236,0.008513,0.000119,0.007788,0.061174,3274.198,0.056135,1061.799,0.018038891,0.18,0.38187817,0.004998398,6.23,4.88,3.2,2,0.12,60.93,1.856666667,1.006666667,-3.95299334
20100630,0.043114,0.077504,0.000376,0.001535,-0.110056,2913.853,-0.114656,940.0578,0.083982097,0.19,0.424176542,0.015493385,5.66,4.53,2.65,1.41,0.15,67.1,-1.356666667,1.016666667,-3.835590308
20100930,0.030262,0.041686,0.000365,0.002175,0.118885,3260.265,0.112602,1045.91,0.049770133,0.18,0.384305783,0.008390625,6.1,5.02,3.29,1.93,0.14,71.86,-1.78,0.363333333,-3.889754041
20101231,-0.028164,-0.050813,0.000425,0.003387,0.115708,3637.504,0.109328,1160.257,-0.029411197,0.14,0.358100317,0.00365008,6.03,5.13,3.41,2.11,0.1,77.35,0.106666667,1.84,-3.941564536
20110331,-0.001643,-0.000908,0.000437,0.019563,0.062667,3865.455,0.057922,1227.462,-0.011579102,0.09,0.354269939,0.004276058,5.75,4.99,3,1.58,0.04,81.31,0.113333333,0.553333333,-3.978584522
20110630,0.034204,0.033682,0.000375,0.01009,-0.005525,3844.099,-0.010368,1214.736,0.028159731,0.08,0.351570039,0.003865482,5.27,4.09,1.98,0.9,0.01,83.87,-1.64,-0.4,-3.923027951
20110930,0.044701,0.111889,0.000156,0.00517,-0.158159,3236.118,-0.16266,1017.147,0.134100224,0.07,0.399922847,0.027968694,5.25,3.93,1.98,0.89,0.01,86.98,-1.7,-2.643333333,-3.763941618
20111230,0.009841,0.015431,0.000022,-0.005365,0.113926,3604.796,0.107184,1126.169,0.023306786,0.13,0.357232541,0.017844489,5.23,3.99,2.17,1.02,0.08,86.95,0.416666667,0.85,-3.857977779
20120330,-0.004918,-0.02128,0.000058,0.016484,0.125993,4058.976,0.120095,1261.416,-0.005853301,0.16,0.346181967,0.002427149,5.02,3.64,1.62,0.71,0.09,88.54,-0.043333333,-0.073333333,-3.924650945
20120629,0.01914,0.053719,0.000306,0.000376,-0.036492,3910.854,-0.042072,1208.345,0.067149766,0.14,0.355103885,0.006560884,4.84,3.49,1.72,0.67,0.11,87.92,-0.21,0.08,-3.83864596
20120928,0.009551,0.006855,0.000334,0.008405,0.06481,4164.318,0.058738,1279.322,0.038084071,0.16,0.340382954,0.003324674,4.63,3.65,1.72,0.7,0.07,86.5,0.856666667,-0.573333333,-3.826350036
20121231,0.000357,-0.00241,0.00038,-0.007804,0.003965,4180.829,-0.004243,1273.893,0.004940975,0.14,0.349032443,0.003863889,4.85,3.93,1.96,0.82,0.09,86.51,2.133333333,0.306666667,-3.699236934
20130328,0.002738,0.000277,0.000179,0.013815,0.104196,4616.456,0.098504,1399.377,-0.024050966,0.09,0.346129997,0.002634035,5.19,4.27,2.3,1.2,0.05,87.7,0.226666667,0.25,-3.774075859
20130628,-0.025329,-0.043673,0.000311,0.00314,0.021745,4716.84,0.015977,1421.734,-0.056907469,0.08,0.338444358,0.004945931,5.47,4.64,2.81,1.6,0.02,90.95,1.016666667,0.136666667,-3.758277374
20130930,0.008367,0.000275,0.00016,0.002762,0.064734,5022.18,0.059012,1505.633,-0.002928992,0.09,0.333521485,0.002074744,5.38,4.62,2.9,1.58,0.07,94.37,-1.136666667,1.696666667,-3.791783901
20131231,-0.009234,-0.027048,0.000167,-0.004697,0.096158,5505.104,0.090433,1641.792,0.012521004,0.08,0.304408126,0.002828315,5.06,4.38,2.72,1.64,0.05,100.2,0.356666667,-0.263333333,-3.935367102
20140331,0.008722,0.036125,0.000222,0.01392,0.019606,5613.036,0.014432,1665.486,0.056968908,0.1,0.350616066,0.003426196,4.8,4.25,2.6,1.68,0.04,100.85,0.866666667,-0.233333333,-3.911635999
20140630,0.013131,0.025197,0.000124,0.008676,0.050929,5898.899,0.04549,1741.249,0.037171002,0.09,0.342928459,0.002199856,4.8,4.11,2.53,1.77,0.02,103.12,0.043333333,-1.006666667,-3.926959066
20140930,0.000652,0.00779,0.000116,-0.001309,-0.005696,5865.3,-0.010678,1722.655,0.009953325,0.12,0.338576181,0.002216332,4.74,3.79,2.21,1.64,0.03,105.96,-0.603333333,-2.573333333,-3.900597136
20141231,0.014765,0.028963,0.000036,-0.013523,0.040297,6101.654,0.03472,1782.466,0.059224713,0.11,0.323755672,0.005087068,4.54,3.64,2.04,1.52,0.03,102.31,-0.88,1.556666667,-3.90679495
20150331,0.019033,0.024584,0.000091,0.005566,0.016256,6200.842,0.010908,1801.909,0.031933903,0.13,0.307454045,0.004760547,5.13,4.19,2.36,1.68,0.02,99.25,-1.916666667,0.986666667,-3.889095838
20150630,-0.007541,-0.029897,0.000147,0.010668,-0.00015,6199.911,-0.005329,1792.306,-0.072893237,0.14,0.310186833,0.002513477,5.34,4.07,2.17,1.49,0.02,94.91,-0.103333333,0.24,-3.876344227
20150930,0.019718,0.032003,0.000164,-0.002904,-0.081088,5697.172,-0.08605,1638.079,0.0305665,0.24,0.335611955,0.011060254,5.46,3.97,2.24,1.7,0.23,90.66,-0.31,-2.1,-3.780550393
20151231,-0.01206,-0.014718,0.000209,-0.005968,0.053867,6004.062,0.047808,1716.393,0.004004,0.36,0.313648814,0.005576188,5.13,3.82,1.89,1.38,0.29,86.53,-1.056666667,-0.386666667,-3.818787836
20160331,0.033047,0.045446,0.000758,0.006794,0.009713,6062.377,0.003641,1722.642,0.073626785,0.38,0.327954791,0.008176932,4.53,3.5,1.64,1.17,0.27,86.44,0.913333333,-0.563333333,-3.799089591
20160630,0.01512,0.029989,0.000846,0.012119,0.029434,6240.815,0.023663,1763.405,0.054534981,0.4,0.323475362,0.004677798,4.31,3.41,1.63,1.18,0.29,86.92,-0.006666667,0.356666667,-3.806823664
20160930,-0.004297,-0.006016,0.001092,0.001701,0.045551,6525.091,0.039993,1833.928,0.013928144,0.54,0.316793887,0.002429918,4.83,4.06,2.49,1.96,0.51,89.09,0.246666667,1.94,-3.823092645
20161230,-0.029913,-0.059124,0.000842,0.000017,0.039274,6781.355,0.03348,1895.327,-0.070506856,0.79,0.293479097,0.001834459,4.68,4.01,2.48,2.01,0.74,94.55,5.343333333,0.393333333,-3.838657755
20170331,0.006928,0.012053,0.001212,0.009813,0.058435,7177.624,0.053138,1996.041,0.012737336,1.04,0.281598889,0.001134797,4.37,3.68,2.19,1.77,0.98,100.29,-2.58,-0.62,-3.89986284
20170630,0.008075,0.017674,0.002079,0.004734,0.028919,7385.192,0.023529,2043.006,0.051836216,1.15,0.272545228,0.001341186,4.3,3.63,2.2,1.8,1.03,104.02,-1.433333333,0.113333333,-3.903096464
20170929,0.003609,-0.000329,0.002699,0.007609,0.046624,7729.52,0.041214,2127.206,0.01761265,1.3,0.259706167,0.00126948,4.22,3.51,2.4,2.18,1.32,107.08,0.166666667,0.49,-3.913584417
20171229,-0.006103,-0.001523,0.002835,-0.001196,0.060719,8198.846,0.055371,2244.992,0.035461349,1.51,0.235393343,0.000817574,4.64,3.87,2.84,2.63,1.7,109.88,0.016666667,-1.29,-3.94999481
20180329,-0.00981,-0.023974,0.003464,0.012291,-0.009499,8120.963,-0.014304,2212.88,-0.043119419,1.82,0.247353534,0.00938263,4.83,3.96,2.91,2.78,1.9,115.44,-0.893333333,0.393333333,-3.918445571
20180629,-0.000643,-0.003786,0.004499,0.009758,0.038568,8434.169,0.033335,2286.647,-0.018602128,1.95,0.245638364,0.003908262,4.88,3.98,3,2.89,2.13,122.48,-1.666666667,2.51,-3.932742857
20180928,-0.002241,-0.009975,0.004898,0.001786,0.06517,8983.826,0.059704,2423.17,0.003767077,2.27,0.225335232,0.001355739,5.13,4.02,2.83,2.68,2.37,130.39,-1.65,-1.13,-3.958991349
20181231,0.028331,0.039261,0.005777,-0.004777,-0.143803,7691.929,-0.14871,2062.822,0.010629785,2.41,0.255578166,0.014208259,4.84,3.77,2.57,2.37,2.4,132.39,0.74,-2.726666667,-3.78695509
