caldt,vwretd,vwindd,vwretx,vwindx
19251231,,1.474616,,12.206360
19260130,0.000561,1.475443,-0.001395,12.189330
19260227,-0.033046,1.426686,-0.036587,11.743360
19260331,-0.064002,1.335375,-0.070021,10.921080
19260430,0.037019,1.384810,0.034031,11.292730
19260528,0.012095,1.401560,0.008585,11.389680
19260630,0.053664,1.476773,0.046189,11.915750
19260731,0.031411,1.523160,0.029225,12.263990
19260831,0.028647,1.566794,0.025358,12.574980
19260930,0.005787,1.575862,0.000030,12.575360
19261030,-0.028996,1.530168,-0.031069,12.184650
19261130,0.028554,1.573860,0.022979,12.464640
19261231,0.029211,1.619834,0.021422,12.731660
19270131,0.002416,1.623748,0.000053,12.732340
19270228,0.045367,1.697413,0.041170,13.256520
19270331,0.003756,1.703789,-0.002242,13.226810
19270430,0.007225,1.716099,0.005134,13.294710
19270531,0.057773,1.815243,0.053623,14.007610
19270630,-0.021087,1.776966,-0.027406,13.623720
19270730,0.075279,1.910734,0.072869,14.616470
19270831,0.022490,1.953707,0.018438,14.885970
19270930,0.049924,2.051243,0.045003,15.555880
19271031,-0.040770,1.967614,-0.042594,14.893300
19271130,0.068453,2.102302,0.063299,15.836040
19271231,0.023782,2.152299,0.018206,16.124350
19280131,-0.003340,2.145111,-0.005101,16.042100
19280229,-0.014478,2.114055,-0.018119,15.751430
19280331,0.090478,2.305332,0.085582,17.099460
19280430,0.043846,2.406411,0.042082,17.819030
19280531,0.017690,2.448981,0.013950,18.067610
19280630,-0.045245,2.338176,-0.050289,17.159020
19280731,0.009400,2.360155,0.007626,17.289880
19280831,0.070206,2.525852,0.066186,18.434230
19280929,0.031498,2.605411,0.028040,18.951130
19281031,0.019228,2.655508,0.017650,19.285620
19281130,0.121500,2.978152,0.116383,21.530140
19281231,0.005557,2.994702,0.001348,21.559170
19290131,0.053935,3.156220,0.052346,22.687700
19290228,-0.000446,3.154812,-0.003386,22.610890
19290328,-0.007808,3.130178,-0.011795,22.344200
19290430,0.017179,3.183952,0.015795,22.697140
19290531,-0.059923,2.993160,-0.063970,21.245190
19290629,0.101573,3.297183,0.098075,23.328820
19290731,0.045958,3.448713,0.044149,24.358760
19290830,0.085343,3.743037,0.081953,26.355020
19290930,-0.050455,3.554183,-0.053236,24.951990
19291031,-0.196684,2.855134,-0.198513,19.998690
19291127,-0.123812,2.501633,-0.127992,17.439010
19291231,0.016390,2.542635,0.010773,17.626880
19300131,0.058407,2.691142,0.055806,18.610570
19300228,0.028242,2.767144,0.024348,19.063700
19300331,0.074631,2.973660,0.070571,20.409050
19300430,-0.020541,2.912578,-0.022460,19.950650
19300529,-0.014010,2.871773,-0.017611,19.599310
19300630,-0.159980,2.412347,-0.164259,16.379940
19300731,0.041964,2.513578,0.039529,17.027420
19300829,0.003663,2.522785,-0.000581,17.017520
19300930,-0.124805,2.207929,-0.129438,14.814800
19301031,-0.086579,2.016769,-0.089129,13.494380
19301129,-0.028057,1.960186,-0.031917,13.063680
19301231,-0.077739,1.807802,-0.084436,11.960640
19310131,0.063792,1.923126,0.061070,12.691080
19310228,0.109695,2.134083,0.104770,14.020720
19310331,-0.062866,1.999922,-0.067999,13.067330
19310430,-0.100219,1.799491,-0.102367,11.729670
19310529,-0.133836,1.558656,-0.138385,10.106470
19310630,0.140340,1.777397,0.133177,11.452420
19310731,-0.066438,1.659310,-0.069027,10.661890
19310831,0.003078,1.664418,-0.001547,10.645400
19310930,-0.291731,1.178855,-0.296941,7.484343
19311031,0.081509,1.274942,0.078213,8.069715
19311130,-0.088402,1.162235,-0.094908,7.303831
19311231,-0.134971,1.005367,-0.143493,6.255785
19320130,-0.010534,0.994776,-0.012963,6.174690
19320229,0.057663,1.052138,0.050590,6.487070
19320331,-0.110599,0.935772,-0.117978,5.721737
19320430,-0.179417,0.767879,-0.182032,4.680196
19320531,-0.206198,0.609544,-0.212804,3.684231
19320630,-0.004289,0.606930,-0.015854,3.625820
19320730,0.340643,0.813677,0.338162,4.851935
19320831,0.371386,1.115865,0.365312,6.624403
19320930,-0.028649,1.083897,-0.034609,6.395141
19321031,-0.132553,0.940223,-0.134024,5.538036
19321130,-0.058260,0.885445,-0.063512,5.186304
19321231,0.045227,0.925492,0.036537,5.375794
19330131,0.009813,0.934574,0.007889,5.418206
19330228,-0.153204,0.791394,-0.158071,4.561747
19330331,0.033105,0.817593,0.025030,4.675928
19330429,0.394143,1.139842,0.392133,6.509511
19330531,0.213261,1.382925,0.209702,7.874569
19330630,0.133364,1.567358,0.128762,8.888511
19330731,-0.096341,1.416356,-0.097262,8.023998
19330831,0.121285,1.588139,0.118881,8.977898
19330930,-0.105836,1.420057,-0.109931,7.990944
19331031,-0.083650,1.301269,-0.085047,7.311338
19331129,0.099896,1.431261,0.094806,8.004496
19331230,0.017876,1.456845,0.013525,8.112757
19340131,0.126779,1.641543,0.125078,9.127485
19340228,-0.024287,1.601675,-0.027694,8.874708
19340331,0.004425,1.608763,0.000179,8.876300
19340430,-0.018345,1.579249,-0.019743,8.701058
19340531,-0.072273,1.465112,-0.075352,8.045415
19340630,0.025344,1.502244,0.020823,8.212948
19340731,-0.109366,1.337950,-0.111132,7.300226
19340831,0.057043,1.414270,0.051711,7.677725
19340929,-0.002362,1.410930,-0.006753,7.625877
19341031,-0.018895,1.384270,-0.020333,7.470819
19341130,0.082095,1.497912,0.077484,8.049689
19341231,0.003554,1.503236,-0.001824,8.035007
19350131,-0.033416,1.453003,-0.035249,7.751785
19350228,-0.019462,1.424725,-0.023779,7.567452
19350330,-0.036013,1.373416,-0.041139,7.256137
19350430,0.090452,1.497645,0.088987,7.901839
19350531,0.034561,1.549405,0.030658,8.144096
19350629,0.057796,1.638955,0.053032,8.575994
19350731,0.074160,1.760500,0.072613,9.198725
19350831,0.026773,1.807634,0.022979,9.410106
19350930,0.026074,1.854767,0.021727,9.614556
19351031,0.069439,1.983561,0.067920,10.267570
19351130,0.052872,2.088435,0.047898,10.759370
19351231,0.046926,2.186437,0.042495,11.216600
19360131,0.069559,2.338523,0.067749,11.976510
19360229,0.025402,2.397927,0.022230,12.242750
19360331,0.008253,2.417717,0.004881,12.302510
19360430,-0.081481,2.220720,-0.082646,11.285760
19360529,0.052043,2.336293,0.047488,11.821700
19360630,0.024671,2.393931,0.020754,12.067040
19360731,0.065954,2.551821,0.064326,12.843270
19360831,0.010950,2.579764,0.006605,12.928100
19360930,0.011899,2.610461,0.007962,13.031030
19361031,0.069986,2.793157,0.068469,13.923250
19361130,0.032854,2.884924,0.024019,14.257670
19361231,0.002796,2.892990,-0.003385,14.209400
19370130,0.033258,2.989203,0.031836,14.661770
19370227,0.013114,3.028403,0.010212,14.811500
19370331,-0.002732,3.020129,-0.006259,14.718790
19370430,-0.075416,2.792362,-0.076577,13.591680
19370528,-0.007054,2.772664,-0.011904,13.429890
19370630,-0.041748,2.656911,-0.046272,12.808460
19370731,0.089725,2.895302,0.088116,13.937100
19370831,-0.048365,2.755271,-0.052758,13.201800
19370930,-0.136623,2.378839,-0.141279,11.336670
19371030,-0.095798,2.150951,-0.097368,10.232850
19371130,-0.083053,1.972307,-0.095200,9.258681
19371231,-0.040774,1.891890,-0.050004,8.795712
19380131,0.006776,1.904709,0.005111,8.840667
19380228,0.058013,2.015207,0.053921,9.317365
19380331,-0.238416,1.534749,-0.243128,7.052051
19380430,0.145963,1.758766,0.144060,8.067967
19380531,-0.039053,1.690080,-0.043677,7.715585
19380630,0.237914,2.092173,0.232474,9.509256
19380730,0.072097,2.243013,0.070628,10.180880
19380831,-0.027139,2.182139,-0.030484,9.870524
19380930,0.008912,2.201587,0.004989,9.919768
19381031,0.078927,2.375351,0.077477,10.688320
19381130,-0.018206,2.332105,-0.023255,10.439760
19381231,0.041919,2.429866,0.036519,10.821010
19390131,-0.060381,2.283148,-0.061611,10.154310
19390228,0.035255,2.363642,0.031195,10.471080
19390331,-0.120727,2.078287,-0.124673,9.165619
19390429,-0.001932,2.074272,-0.003436,9.134128
19390531,0.068971,2.217336,0.064244,9.720937
19390630,-0.053626,2.098430,-0.058185,9.155320
19390731,0.102243,2.312980,0.100681,10.077090
19390831,-0.067264,2.157400,-0.071789,9.353659
19390930,0.161815,2.506500,0.157310,10.825080
19391031,-0.004191,2.495994,-0.005407,10.766550
19391130,-0.037131,2.403315,-0.045817,10.273260
19391230,0.029686,2.474660,0.022795,10.507430
19400131,-0.024215,2.414736,-0.025613,10.238300
19400229,0.014758,2.450372,0.009782,10.338450
19400330,0.018643,2.496054,0.014604,10.489440
19400430,0.000837,2.498143,-0.000930,10.479680
19400531,-0.221112,1.945774,-0.227036,8.100415
19400629,0.066856,2.075861,0.061117,8.595489
19400731,0.031923,2.142129,0.030031,8.853616
19400831,0.024296,2.194175,0.017631,9.009710
19400930,0.023118,2.244900,0.018192,9.173612
19401031,0.030143,2.312568,0.028254,9.432803
19401130,-0.016752,2.273827,-0.026882,9.179229
19401231,0.006586,2.288802,-0.001261,9.167654
19410131,-0.041227,2.194442,-0.042853,8.774789
19410228,-0.013801,2.164156,-0.019944,8.599785
19410331,0.009515,2.184747,0.003860,8.632978
19410430,-0.054018,2.066730,-0.055862,8.150725
19410531,0.013140,2.093888,0.005156,8.192748
19410630,0.058495,2.216370,0.051569,8.615241
19410731,0.059543,2.348339,0.057281,9.108732
19410830,-0.001156,2.345624,-0.007953,9.036287
19410930,-0.007611,2.327771,-0.012758,8.921000
19411031,-0.052926,2.204572,-0.055300,8.427672
19411129,-0.020271,2.159883,-0.032685,8.152216
19411231,-0.046692,2.059035,-0.056609,7.690726
19420131,0.008979,2.077522,0.007175,7.745908
19420228,-0.023651,2.028387,-0.029970,7.513766
19420331,-0.065144,1.896249,-0.071734,6.974775
19420430,-0.043583,1.813604,-0.045992,6.653990
19420529,0.060174,1.922735,0.052393,7.002615
19420630,0.025772,1.972288,0.018226,7.130248
19420731,0.035326,2.041962,0.032815,7.364226
19420831,0.018408,2.079550,0.011920,7.452006
19420930,0.027069,2.135842,0.021072,7.609033
19421031,0.069088,2.283402,0.067053,8.119241
19421130,0.001177,2.286089,-0.009144,8.044994
19421231,0.051290,2.403342,0.042483,8.386770
19430130,0.073382,2.579704,0.071869,8.989522
19430227,0.060478,2.735720,0.055342,9.487017
19430331,0.061794,2.904772,0.056727,10.025190
19430430,0.007333,2.926074,0.005840,10.083730
19430529,0.057142,3.093276,0.051725,10.605310
19430630,0.017351,3.146947,0.012271,10.735450
19430731,-0.047753,2.996671,-0.049281,10.206390
19430831,0.013444,3.036959,0.008795,10.296150
19430930,0.024077,3.110081,0.019105,10.492860
19431030,-0.011573,3.074089,-0.012763,10.358940
19431130,-0.059903,2.889943,-0.068563,9.648700
19431231,0.064217,3.075526,0.056945,10.198140
19440131,0.018030,3.130979,0.016629,10.367730
19440229,0.003459,3.141808,-0.001591,10.351230
19440331,0.024768,3.219625,0.019977,10.558010
19440429,-0.016484,3.166553,-0.017836,10.369700
19440531,0.050909,3.327758,0.044927,10.835580
19440630,0.056842,3.516914,0.051524,11.393870
19440731,-0.015194,3.463479,-0.016613,11.204580
19440831,0.015597,3.517500,0.010417,11.321310
19440930,0.000453,3.519094,-0.003469,11.282030
19441031,0.002119,3.526549,0.000611,11.288920
19441130,0.016668,3.585330,0.007608,11.374800
19441230,0.041070,3.732579,0.035301,11.776350
19450131,0.020218,3.808043,0.018951,11.999520
19450228,0.064477,4.053574,0.059894,12.718220
19450331,-0.039177,3.894766,-0.043164,12.169240
19450430,0.078232,4.199460,0.076981,13.106040
19450531,0.018185,4.275828,0.012439,13.269060
19450630,0.004676,4.295823,0.001087,13.283490
19450731,-0.022066,4.201029,-0.023305,12.973920
19450831,0.061826,4.460763,0.057147,13.715340
19450929,0.048297,4.676202,0.044969,14.332100
19451031,0.038749,4.857402,0.037605,14.871060
19451130,0.054859,5.123874,0.047862,15.582810
19451231,0.013003,5.190497,0.009218,15.726460
19460131,0.063402,5.519585,0.062228,16.705090
19460228,-0.058257,5.198029,-0.061743,15.673670
19460330,0.057941,5.499209,0.054620,16.529760
19460430,0.042293,5.731788,0.041154,17.210030
19460531,0.040195,5.962178,0.036075,17.830880
19460628,-0.038668,5.731630,-0.041517,17.090580
19460731,-0.026309,5.580837,-0.027697,16.617230
19460830,-0.064468,5.221049,-0.068420,15.480280
19460930,-0.102023,4.688385,-0.105410,13.848510
19461031,-0.014164,4.621981,-0.015903,13.628280
19461130,0.000697,4.625202,-0.006475,13.540040
19461231,0.050161,4.857207,0.043412,14.127830
19470131,0.013084,4.920760,0.011536,14.290810
19470228,-0.011091,4.866184,-0.016381,14.056710
19470331,-0.016790,4.784480,-0.020805,13.764270
19470430,-0.047698,4.556270,-0.049487,13.083110
19470529,-0.009625,4.512417,-0.016317,12.869630
19470630,0.053226,4.752597,0.048538,13.494300
19470731,0.041348,4.949108,0.039342,14.025190
19470829,-0.017357,4.863204,-0.022668,13.707270
19470930,-0.004667,4.840507,-0.009473,13.577420
19471031,0.024831,4.960702,0.022847,13.887620
19471129,-0.018750,4.867692,-0.028514,13.491620
19471231,0.030708,5.017169,0.023249,13.805290
19480131,-0.037908,4.826978,-0.039685,13.257430
19480228,-0.043422,4.617380,-0.049502,12.601160
19480331,0.082628,4.998903,0.076865,13.569750
19480430,0.038128,5.189501,0.035972,14.057890
19480528,0.074319,5.575181,0.068382,15.019190
19480630,-0.000280,5.573620,-0.005419,14.937810
19480730,-0.050288,5.293337,-0.051750,14.164770
19480831,0.003762,5.313252,-0.002900,14.123700
19480930,-0.029813,5.154848,-0.035123,13.627630
19481030,0.060316,5.465766,0.057425,14.410200
19481130,-0.092077,4.962493,-0.102565,12.932220
19481231,0.032566,5.124102,0.024024,13.242900
19490131,0.003074,5.139855,0.001118,13.257700
19490228,-0.028852,4.991560,-0.036237,12.777290
19490331,0.041537,5.198897,0.035339,13.228830
19490430,-0.017972,5.105462,-0.020566,12.956760
19490531,-0.028488,4.960019,-0.035515,12.496610
19490630,0.002180,4.970834,-0.004382,12.441840
19490729,0.056377,5.251075,0.054776,13.123360
19490831,0.026916,5.392414,0.018887,13.371220
19490930,0.032082,5.565413,0.027265,13.735790
19491031,0.031801,5.742402,0.030002,14.147900
19491130,0.018535,5.848836,0.004549,14.212250
19491231,0.052267,6.154536,0.044769,14.848520
19500131,0.017764,6.263865,0.015872,15.084190
19500228,0.015234,6.359286,0.008173,15.207480
19500331,0.012742,6.440314,0.007457,15.320890
19500429,0.040678,6.702290,0.038736,15.914360
19500531,0.044173,6.998348,0.036817,16.500280
19500630,-0.058018,6.592316,-0.062799,15.464080
19500731,0.016122,6.698597,0.014577,15.689500
19500831,0.050875,7.039385,0.040213,16.320420
19500929,0.049044,7.384624,0.044122,17.040510
19501031,-0.001184,7.375878,-0.002931,16.990560
19501130,0.029056,7.590189,0.012268,17.199010
19501230,0.057946,8.030009,0.051048,18.076970
19510131,0.058735,8.501654,0.056761,19.103040
19510228,0.014086,8.621407,0.007435,19.245070
19510331,-0.021115,8.439369,-0.025753,18.749450
19510430,0.050061,8.861851,0.048488,19.658570
19510531,-0.022464,8.662782,-0.029970,19.069410
19510629,-0.025533,8.441599,-0.029834,18.500490
19510731,0.071611,9.046106,0.070243,19.800020
19510831,0.045004,9.453215,0.036750,20.527680
19510928,0.009087,9.539112,0.005339,20.637280
19511031,-0.022629,9.323254,-0.024556,20.130510
19511130,0.006193,9.380997,-0.004035,20.049280
19511231,0.035266,9.711824,0.030241,20.655580
19520131,0.017002,9.876949,0.015420,20.974100
19520229,-0.025141,9.628635,-0.032328,20.296050
19520331,0.045870,10.070300,0.041726,21.142920
19520430,-0.049148,9.575368,-0.050847,20.067860
19520529,0.032847,9.889890,0.025367,20.576930
19520630,0.039575,10.281280,0.035588,21.309230
19520731,0.011404,10.398530,0.009897,21.520120
19520829,-0.006733,10.328520,-0.013803,21.223080
19520930,-0.019147,10.130760,-0.023065,20.733570
19521031,-0.005309,10.076970,-0.006960,20.589260
19521128,0.059347,10.675010,0.049762,21.613820
19521231,0.031066,11.006640,0.026399,22.184400
19530130,-0.001644,10.988540,-0.002728,22.123890
19530227,-0.001820,10.968540,-0.009109,21.922370
19530331,-0.012862,10.827460,-0.016681,21.556690
19530430,-0.027705,10.527490,-0.029126,20.928830
19530529,0.006921,10.600360,-0.000349,20.921540
19530630,-0.016377,10.426750,-0.020523,20.492160
19530731,0.025111,10.688580,0.023557,20.974890
19530831,-0.044056,10.217690,-0.051365,19.897500
19530930,0.003010,10.248440,-0.001313,19.871370
19531030,0.047523,10.735480,0.045928,20.784020
19531130,0.028501,11.041450,0.018445,21.167380
19531231,0.000678,11.048940,-0.004642,21.069120
19540129,0.052722,11.631460,0.051500,22.154180
19540226,0.017551,11.835610,0.010325,22.382920
19540331,0.037377,12.277980,0.033374,23.129940
19540430,0.043162,12.807920,0.041819,24.097220
19540528,0.031704,13.213980,0.025208,24.704670
19540630,0.011560,13.366730,0.007767,24.896540
19540730,0.050668,14.044000,0.049442,26.127470
19540831,-0.022763,13.724320,-0.029369,25.360130
19540930,0.064633,14.611350,0.061381,26.916770
19541029,-0.016216,14.374420,-0.017622,26.442430
19541130,0.095387,15.745550,0.086046,28.717690
19541231,0.055469,16.618940,0.051806,30.205450
19550131,0.006838,16.732570,0.006027,30.387500
19550228,0.031354,17.257210,0.025725,31.169210
19550331,-0.000995,17.240040,-0.004256,31.036560
19550429,0.032352,17.797790,0.031343,32.009350
19550531,0.012033,18.011960,0.006450,32.215820
19550630,0.066108,19.202700,0.063181,34.251250
19550729,0.020246,19.591470,0.019366,34.914580
19550831,0.004197,19.673690,-0.001579,34.859460
19550930,-0.002009,19.634160,-0.004543,34.701110
19551031,-0.025752,19.128550,-0.026812,33.770700
19551130,0.071864,20.503210,0.062697,35.888010
19551230,0.016543,20.842380,0.013390,36.368550
19560131,-0.028119,20.256310,-0.029475,35.296590
19560229,0.039610,21.058650,0.034439,36.512170
19560329,0.068456,22.500250,0.065641,38.908870
19560430,0.005083,22.614620,0.004136,39.069820
19560531,-0.049309,21.499520,-0.054848,36.926910
19560629,0.037251,22.300390,0.034540,38.202380
19560731,0.050830,23.433920,0.049531,40.094590
19560831,-0.029820,22.735110,-0.034965,38.692670
19560928,-0.049608,21.607260,-0.052064,36.678150
19561031,0.007292,21.764810,0.005534,36.881120
19561130,0.004678,21.866630,-0.002238,36.798570
19561231,0.034957,22.631020,0.031548,37.959490
19570131,-0.032121,21.904080,-0.033529,36.686740
19570228,-0.018703,21.494420,-0.024198,35.798980
19570329,0.024112,22.012690,0.020947,36.548870
19570430,0.045179,23.007200,0.043785,38.149180
19570531,0.036679,23.851090,0.031177,39.338560
19570628,-0.005054,23.730540,-0.007812,39.031240
19570731,0.008938,23.942640,0.007362,39.318600
19570830,-0.050051,22.744280,-0.055226,37.147190
19570930,-0.057586,21.434520,-0.060387,34.903990
19571031,-0.041251,20.550330,-0.043050,33.401370
19571129,0.025605,21.076510,0.018521,34.020010
19571231,-0.037360,20.289090,-0.041179,32.619090
19580131,0.049595,21.295320,0.048239,34.192590
19580228,-0.014257,20.991720,-0.020351,33.496720
19580331,0.033700,21.699140,0.030263,34.510450
19580430,0.030833,22.368180,0.029282,35.520990
19580529,0.024582,22.918020,0.019186,36.202490
19580630,0.029493,23.593940,0.026265,37.153350
19580731,0.044844,24.651990,0.043276,38.761190
19580829,0.019181,25.124840,0.014464,39.321830
19580930,0.048680,26.347930,0.045746,41.120630
19581031,0.027184,27.064170,0.025739,42.179050
19581128,0.030610,27.892610,0.025441,43.252140
19581231,0.053099,29.373700,0.050293,45.427430
19590130,0.009120,29.641590,0.008122,45.796390
19590227,0.011220,29.974150,0.006813,46.108410
19590331,0.004669,30.114110,0.002113,46.205820
19590430,0.037899,31.255390,0.036877,47.909750
19590529,0.019595,31.867840,0.015364,48.645840
19590630,0.000676,31.889400,-0.001865,48.555110
19590731,0.034362,32.985170,0.033327,50.173290
19590831,-0.012446,32.574650,-0.016502,49.345330
19590930,-0.044977,31.109540,-0.047403,47.006230
19591030,0.015746,31.599380,0.014613,47.693110
19591130,0.018557,32.185760,0.013272,48.326100
19591231,0.028043,33.088350,0.025271,49.547340
19600129,-0.066244,30.896450,-0.067191,46.218230
19600229,0.014419,31.341950,0.009714,46.667200
19600331,-0.012822,30.940070,-0.015488,45.944440
19600429,-0.015271,30.467600,-0.016329,45.194230
19600531,0.034098,31.506480,0.029279,46.517480
19600630,0.022833,32.225860,0.020134,47.454080
19600729,-0.022705,31.494190,-0.023635,46.332490
19600831,0.032215,32.508770,0.027065,47.586460
19600930,-0.058673,30.601380,-0.060860,44.690340
19601031,-0.004705,30.457410,-0.005921,44.425710
19601130,0.048617,31.938160,0.042646,46.320290
19601230,0.048537,33.488350,0.046230,48.461690
19610131,0.063952,35.630010,0.062787,51.504450
19610228,0.037005,36.948490,0.032834,53.195580
19610330,0.030610,38.079480,0.028347,54.703510
19610428,0.005645,38.294430,0.004884,54.970700
19610531,0.025894,39.286030,0.021619,56.159080
19610630,-0.028499,38.166410,-0.030570,54.442280
19610731,0.029955,39.309670,0.029207,56.032370
19610831,0.026854,40.365310,0.021872,57.257930
19610929,-0.019990,39.558390,-0.021266,56.040290
19611031,0.027331,40.639570,0.026092,57.502510
19611130,0.045451,42.486680,0.039879,59.795680
19611229,0.000713,42.516980,-0.000599,59.759890
19620131,-0.036147,40.980110,-0.037488,57.519610
19620228,0.019512,41.779730,0.015252,58.396900
19620330,-0.004688,41.583890,-0.006113,58.039900
19620430,-0.063435,38.946020,-0.064212,54.313020
19620531,-0.084620,35.650410,-0.089763,49.437750
19620629,-0.082615,32.705150,-0.084336,45.268350
19620731,0.065438,34.845330,0.064129,48.171370
19620831,0.023417,35.661290,0.017888,49.033040
19620928,-0.050158,33.872580,-0.051787,46.493780
19621031,0.002187,33.946670,0.000431,46.513810
19621130,0.110137,37.685450,0.102924,51.301210
19621231,0.011865,38.132580,0.010056,51.817090
19630131,0.051848,40.109680,0.050475,54.432560
19630228,-0.021931,39.230030,-0.026608,52.984230
19630329,0.032917,40.521370,0.031233,54.639060
19630430,0.047439,42.443650,0.046435,57.176200
19630531,0.020051,43.294690,0.014726,58.018170
19630628,-0.018030,42.514080,-0.019459,56.889220
19630731,-0.001718,42.441060,-0.002995,56.718840
19630830,0.052684,44.677010,0.048035,59.443340
19630930,-0.011898,44.145430,-0.013317,58.651760
19631031,0.027708,45.368620,0.026276,60.192900
19631129,-0.005549,45.116870,-0.011692,59.489150
19631231,0.021736,46.097540,0.019978,60.677640
19640131,0.025790,47.286400,0.024731,62.178250
19640228,0.017207,48.100060,0.012653,62.964990
19640331,0.017636,48.948360,0.015967,63.970370
19640430,0.004608,49.173900,0.003672,64.205290
19640528,0.017403,50.029680,0.012531,65.009820
19640630,0.015080,50.784110,0.013413,65.881780
19640731,0.020118,51.805800,0.019127,67.141880
19640831,-0.011266,51.222150,-0.015575,66.096120
19640930,0.030480,52.783410,0.028792,67.999120
19641030,0.008869,53.251560,0.007730,68.524780
19641130,0.003089,53.416080,-0.002673,68.341640
19641231,0.003690,53.613170,0.001939,68.474170
19650129,0.038646,55.685090,0.037663,71.053120
19650226,0.006946,56.071880,0.002634,71.240260
19650331,-0.009715,55.527130,-0.011428,70.426120
19650430,0.033652,57.395730,0.032737,72.731660
19650528,-0.004350,57.146030,-0.009102,72.069630
19650630,-0.051868,54.181970,-0.053591,68.207310
19650730,0.016759,55.090030,0.015871,69.289810
19650831,0.030883,56.791390,0.026133,71.100570
19650930,0.031952,58.605990,0.030357,73.258960
19651029,0.029271,60.321460,0.028212,75.325720
19651130,0.003065,60.506350,-0.002961,75.102710
19651231,0.013545,61.325890,0.011976,76.002140
19660131,0.012122,62.069290,0.011231,76.855750
19660228,-0.008621,61.534210,-0.013014,75.855540
19660331,-0.020923,60.246740,-0.022746,74.130100
19660429,0.024837,61.743110,0.023854,75.898370
19660531,-0.052539,58.499210,-0.057483,71.535490
19660630,-0.010317,57.895660,-0.012063,70.672560
19660729,-0.012870,57.150530,-0.013831,69.695120
19660831,-0.075388,52.842090,-0.080712,64.069910
19660930,-0.006958,52.474410,-0.008695,63.512790
19661031,0.042294,54.693780,0.041171,66.127690
19661130,0.017516,55.651820,0.010606,66.829030
19661230,0.006210,55.997410,0.004409,67.123710
19670131,0.085530,60.786860,0.084077,72.767280
19670228,0.010945,61.452190,0.006257,73.222590
19670331,0.043384,64.118250,0.041582,76.267340
19670428,0.041609,66.786160,0.040697,79.371200
19670531,-0.039293,64.161950,-0.044217,75.861680
19670630,0.026903,65.888080,0.025341,77.784110
19670731,0.049189,69.129070,0.048277,81.539310
19670831,-0.006282,68.694790,-0.011073,80.636390
19670929,0.034286,71.050040,0.032875,83.287300
19671031,-0.027433,69.100910,-0.028650,80.901150
19671130,0.007902,69.646930,0.002565,81.108700
19671229,0.033699,71.993980,0.032203,83.720660
19680131,-0.036330,69.378470,-0.037829,80.553580
19680229,-0.033624,67.045670,-0.038107,77.483900
19680329,0.005116,67.388690,0.003740,77.773680
19680430,0.094148,73.733230,0.092730,84.985660
19680531,0.027041,75.727030,0.022494,86.897330
19680628,0.011527,76.599940,0.010037,87.769550
19680730,-0.022024,74.912860,-0.023162,85.736640
19680830,0.018038,76.264120,0.013495,86.893660
19680930,0.044454,79.654350,0.043207,90.648090
19681031,0.009041,80.374500,0.007467,91.325000
19681129,0.058502,85.076540,0.054125,96.267970
19681231,-0.033873,82.194750,-0.035363,92.863690
19690131,-0.006711,81.643100,-0.007725,92.146320
19690228,-0.053640,77.263750,-0.057882,86.812690
19690328,0.030506,79.620740,0.029062,89.335680
19690430,0.020526,81.255010,0.019345,91.063910
19690529,0.005040,81.664510,0.000241,91.085820
19690630,-0.067387,76.161350,-0.068958,84.804740
19690731,-0.065172,71.197740,-0.066373,79.176030
19690829,0.051490,74.863690,0.046517,82.859060
19690930,-0.022590,73.172520,-0.024167,80.856630
19691031,0.055638,77.243710,0.053771,85.204340
19691128,-0.032164,74.759230,-0.036678,82.079220
19691231,-0.019681,73.287930,-0.021471,80.316890
19700130,-0.073254,67.919260,-0.074519,74.331760
19700227,0.056706,71.770680,0.051651,78.171050
19700331,-0.004729,71.431270,-0.006569,77.657550
19700430,-0.105318,63.908260,-0.106393,69.395360
19700529,-0.064346,59.796000,-0.069931,64.542470
19700630,-0.051067,56.742400,-0.053372,61.097720
19700731,0.074169,60.950960,0.072132,65.504800
19700831,0.050036,64.000690,0.044584,68.425250
19700930,0.047536,67.043020,0.045601,71.545490
19701030,-0.018208,65.822310,-0.020450,70.082400
19701130,0.050448,69.142910,0.045354,73.260920
19701231,0.060723,73.341480,0.058969,77.581030
19710129,0.052030,77.157430,0.050772,81.519990
19710226,0.016913,78.462380,0.012413,82.531880
19710331,0.044778,81.975770,0.042972,86.078430
19710430,0.033332,84.708170,0.032300,88.858740
19710528,-0.036409,81.624050,-0.040737,85.238880
19710630,0.003119,81.878640,0.001385,85.356950
19710730,-0.040283,78.580350,-0.041317,81.830230
19710831,0.042511,81.920880,0.037666,84.912450
19710930,-0.005016,81.509990,-0.006491,84.361280
19711029,-0.040682,78.193980,-0.042346,80.788920
19711130,-0.001262,78.095270,-0.005696,80.328720
19711231,0.091257,85.222020,0.089557,87.522760
19720131,0.028383,87.640850,0.027169,89.900690
19720229,0.031349,90.388310,0.027272,92.352470
19720330,0.008722,91.176700,0.007247,93.021770
19720428,0.005505,91.678660,0.004723,93.461080
19720531,0.016375,93.179930,0.011960,94.578850
19720630,-0.020896,91.232810,-0.022412,92.459170
19720731,-0.004254,90.844730,-0.005310,91.968250
19720831,0.035966,94.112080,0.031857,94.898050
19720929,-0.007671,93.390180,-0.009085,94.035870
19721031,0.008676,94.200400,0.007358,94.727770
19721130,0.049764,98.888160,0.045305,99.019390
19721229,0.011243,100.000000,0.009903,100.000000
19730131,-0.027452,97.254790,-0.028652,97.134800
19730228,-0.044370,92.939590,-0.047916,92.480470
19730330,-0.007859,92.209160,-0.009333,91.617390
19730430,-0.051766,87.435810,-0.052962,86.765160
19730531,-0.024511,85.292690,-0.028780,84.268080
19730629,-0.008646,84.555250,-0.010422,83.389850
19730731,0.056956,89.371220,0.055510,88.018830
19730831,-0.029657,86.720750,-0.034039,85.022770
19730928,0.053935,91.397990,0.052533,89.489250
19731031,-0.000414,91.360170,-0.002140,89.297710
19731130,-0.120708,80.332240,-0.125552,78.086240
19731231,0.011438,81.251060,0.009422,78.821990
19740131,0.004413,81.609600,0.002807,79.043280
19740228,0.002346,81.801020,-0.002451,78.849530
19740329,-0.023364,79.889810,-0.025299,76.854710
19740430,-0.045960,76.218050,-0.047694,73.189220
19740531,-0.041981,73.018320,-0.047320,69.725880
19740628,-0.022942,71.343110,-0.025407,67.954360
19740731,-0.070874,66.286710,-0.072695,63.014430
19740830,-0.087757,60.469580,-0.094578,57.054620
19740930,-0.109718,53.834960,-0.112274,50.648900
19741031,0.165584,62.749180,0.162459,58.877270
19741129,-0.041046,60.173570,-0.048241,56.036970
19741231,-0.027005,58.548560,-0.030302,54.338960
19750131,0.141600,66.839010,0.139591,61.924210
19750228,0.058412,70.743190,0.051629,65.121280
19750331,0.030190,72.878960,0.027442,66.908360
19750430,0.046497,76.267590,0.044432,69.881260
19750530,0.055140,80.472950,0.049542,73.343290
19750630,0.051473,84.615160,0.048958,76.934000
19750731,-0.060385,79.505690,-0.062318,72.139630
19750829,-0.023557,77.632740,-0.028960,70.050450
19750930,-0.038010,74.681920,-0.040486,67.214380
19751031,0.055857,78.853400,0.053273,70.795060
19751128,0.031222,81.315330,0.025801,72.621670
19751231,-0.010998,80.421040,-0.013677,71.628420
19760130,0.126012,90.555070,0.124372,80.536960
19760227,0.007310,91.216990,0.002081,80.704560
19760331,0.026740,93.656150,0.024295,82.665250
19760430,-0.010402,92.681950,-0.011668,81.700720
19760528,-0.009326,91.817640,-0.015305,80.450260
19760630,0.044522,95.905560,0.042169,83.842800
19760730,-0.006135,95.317170,-0.007573,83.207840
19760831,-0.001398,95.183880,-0.007387,82.593150
19760930,0.024512,97.517070,0.022385,84.442020
19761029,-0.020373,95.530330,-0.022250,82.563170
19761130,0.005361,96.042430,-0.001441,82.444180
19761231,0.061593,101.958000,0.059302,87.333290
19770131,-0.036328,98.254060,-0.037997,84.014920
19770228,-0.015744,96.707190,-0.021769,82.186000
19770331,-0.009249,95.812750,-0.011797,81.216470
19770429,0.004962,96.288190,0.003564,81.505900
19770531,-0.010777,95.250490,-0.018005,80.038370
19770630,0.051369,100.143400,0.048712,83.937230
19770729,-0.012806,98.860900,-0.014162,82.748540
19770831,-0.013338,97.542280,-0.020278,81.070570
19770930,0.001572,97.695610,-0.001008,80.988820
19771031,-0.039278,93.858360,-0.041312,77.643010
19771130,0.045440,98.123250,0.037081,80.522060
19771230,0.008223,98.930090,0.005497,80.964720
19780131,-0.055199,93.469260,-0.057209,76.332810
19780228,-0.009275,92.602360,-0.016700,75.058030
19780331,0.034009,95.751700,0.030865,77.374670
19780428,0.082853,103.685000,0.081203,83.657700
19780531,0.023230,106.093600,0.015499,84.954320
19780630,-0.010748,104.953300,-0.013740,83.787020
19780731,0.056741,110.908500,0.054868,88.384270
19780831,0.042370,115.607700,0.035504,91.522230
19780929,-0.006889,114.811300,-0.009456,90.656840
19781031,-0.110995,102.067800,-0.113600,80.358230
19781130,0.033787,105.516400,0.025752,82.427580
19781229,0.017708,107.384800,0.014580,83.629360
19790131,0.049530,112.703600,0.047019,87.561550
19790228,-0.026765,109.687000,-0.033781,84.603650
19790330,0.065613,116.884000,0.062472,89.889040
19790430,0.008520,117.879800,0.006438,90.467740
19790531,-0.013571,116.280000,-0.021458,88.526440
19790629,0.046852,121.727900,0.043821,92.405720
19790731,0.014991,123.552800,0.012773,93.586020
19790831,0.064732,131.550500,0.057305,98.949010
19790928,0.001426,131.738100,-0.000932,98.856830
19791031,-0.072662,122.165800,-0.075470,91.396140
19791130,0.063604,129.936000,0.055810,96.496930
19791231,0.028215,133.602100,0.025174,98.926110
19800131,0.065607,142.367300,0.063303,105.188400
19800229,0.001015,142.511800,-0.005740,104.584600
19800331,-0.120224,125.378400,-0.123258,91.693760
19800430,0.052287,131.934100,0.049833,96.263130
19800530,0.060090,139.862100,0.052629,101.329300
19800630,0.037714,145.136900,0.034438,104.819000
19800731,0.069438,155.214900,0.067066,111.848700
19800829,0.023553,158.870800,0.017236,113.776600
19800930,0.029498,163.557100,0.026617,116.805000
19801031,0.020095,166.843800,0.017370,118.833800
19801128,0.104952,184.354400,0.099010,130.599600
19801231,-0.034410,178.010800,-0.037040,125.762100
19810130,-0.040087,170.875000,-0.041825,120.502100
19810227,0.015521,173.527200,0.009123,121.601500
19810331,0.046184,181.541300,0.043096,126.842000
19810430,-0.011268,179.495700,-0.013037,125.188300
19810529,0.013550,181.927800,0.007405,126.115400
19810630,-0.010243,180.064300,-0.013357,124.430900
19810731,-0.003080,179.509800,-0.004806,123.832800
19810831,-0.056279,169.407200,-0.063012,116.029900
19810930,-0.063773,158.603600,-0.066713,108.289200
19811030,0.060162,168.145500,0.057005,114.462200
19811130,0.045849,175.854800,0.039226,118.952200
19811231,-0.028096,170.913900,-0.031104,115.252300
19820129,-0.026210,166.434400,-0.027913,112.035200
19820226,-0.051126,157.925200,-0.058639,105.465600
19820331,-0.010099,156.330300,-0.014053,103.983500
19820430,0.043267,163.094100,0.041422,108.290700
19820528,-0.028212,158.492900,-0.036596,104.327700
19820630,-0.023912,154.703000,-0.027379,101.471300
19820730,-0.020526,151.527500,-0.022744,99.163440
19820831,0.119013,169.561300,0.109931,110.064600
19820930,0.016761,172.403200,0.013670,111.569200
19821029,0.118636,192.856400,0.115930,124.503400
19821130,0.051935,202.872400,0.044991,130.104900
19821231,0.014516,205.817400,0.012030,131.670000
19830131,0.041850,214.430900,0.039762,136.905400
19830228,0.030215,220.909900,0.024204,140.219100
19830331,0.034680,228.571000,0.031623,144.653200
19830429,0.074188,245.528300,0.072842,155.190000
19830531,0.013226,248.775500,0.007961,156.425500
19830630,0.037838,258.188800,0.034866,161.879500
19830729,-0.031568,250.038200,-0.032864,156.559500
19830831,0.003463,250.904200,-0.001803,156.277300
19830930,0.016028,254.925700,0.013103,158.325000
19831031,-0.028074,247.768900,-0.029775,153.610900
19831130,0.029556,255.091900,0.024206,157.329200
19831230,-0.010464,252.422500,-0.013442,155.214300
19840131,-0.013023,249.135300,-0.014873,152.905800
19840229,-0.039073,239.400800,-0.043938,146.187400
19840330,0.013389,242.606200,0.010024,147.652800
19840430,0.002538,243.221900,0.000801,147.771100
19840531,-0.052320,230.496500,-0.057705,139.244000
19840629,0.023385,235.886800,0.019502,141.959500
19840731,-0.020621,231.022500,-0.022542,138.759500
19840831,0.112689,257.056100,0.106812,153.580700
19840928,0.000404,257.160000,-0.002538,153.191000
19841031,-0.000074,257.141100,-0.002921,152.743400
19841130,-0.010685,254.393500,-0.015257,150.413000
19841231,0.023656,260.411300,0.020095,153.435500
19850131,0.085718,282.733200,0.083506,166.248300
19850228,0.016896,287.510300,0.012267,168.287800
19850329,-0.001747,287.008100,-0.004924,167.459100
19850430,-0.002186,286.380600,-0.003958,166.796300
19850531,0.055775,302.353400,0.050799,175.269400
19850628,0.017091,307.521000,0.014038,177.729800
19850731,-0.000251,307.443800,-0.002220,177.335300
19850830,-0.004795,305.969500,-0.009593,175.634100
19850930,-0.039826,293.784100,-0.042576,168.156200
19851031,0.044441,306.840200,0.042023,175.222700
19851129,0.069228,328.082200,0.064698,186.559300
19851231,0.043061,342.209800,0.040080,194.036700
19860131,0.009829,345.573600,0.008006,195.590200
19860228,0.072500,370.627700,0.068190,208.927500
19860331,0.053885,390.598900,0.051360,219.657900
19860430,-0.007903,387.512100,-0.009633,217.541800
19860530,0.050844,407.214600,0.047123,227.793000
19860630,0.014246,413.015600,0.011624,230.440900
19860731,-0.059700,388.358400,-0.061454,216.279300
19860829,0.066181,414.060400,0.062428,229.781100
19860930,-0.079021,381.340900,-0.081274,211.106000
19861031,0.049303,400.142200,0.046859,220.998100
19861128,0.015093,406.181500,0.010874,223.401200
19861231,-0.026388,395.463100,-0.029057,216.909700
19870130,0.128496,446.278600,0.126924,244.440900
19870227,0.047918,467.663400,0.044491,255.316400
19870331,0.023664,478.730400,0.021218,260.733700
19870430,-0.017001,470.591700,-0.018898,255.806400
19870529,0.005125,473.003400,0.001874,256.285900
19870630,0.043662,493.655600,0.041150,266.831900
19870731,0.044248,515.498800,0.042348,278.131800
19870831,0.037146,534.647700,0.033860,287.549300
19870930,-0.020774,523.541000,-0.022846,280.979800
19871030,-0.225363,405.554200,-0.227344,217.100700
19871130,-0.072273,376.243700,-0.076513,200.489700
19871231,0.070327,402.703700,0.067214,213.965500
19880129,0.044880,420.777200,0.043048,223.176200
19880229,0.051695,442.529200,0.045999,233.442000
19880331,-0.016598,435.184300,-0.019273,228.942900
19880429,0.010991,439.967300,0.009188,231.046600
19880531,0.000448,440.164400,-0.003859,230.155100
19880630,0.051459,462.815000,0.048746,241.374100
19880729,-0.007272,459.449500,-0.009940,238.974800
19880831,-0.028006,446.582200,-0.032443,231.221700
19880930,0.037202,463.196100,0.034603,239.222600
19881031,0.017646,471.369800,0.014483,242.687200
19881130,-0.016412,463.633700,-0.021131,237.558900
19881230,0.021075,473.404600,0.017631,241.747300
19890131,0.066103,504.697800,0.063307,257.051500
19890228,-0.016446,496.397400,-0.020177,251.865100
19890331,0.021465,507.052700,0.018642,256.560400
19890428,0.048204,531.494900,0.046270,268.431300
19890531,0.039338,552.402900,0.034584,277.714600
19890630,-0.004866,549.714800,-0.007439,275.648700
19890731,0.077131,592.114700,0.074884,296.290300
19890831,0.022127,605.216300,0.018228,301.691100
19890929,-0.001474,604.324000,-0.003970,300.493400
19891031,-0.029285,586.626200,-0.031338,291.076700
19891130,0.017814,597.076200,0.014331,295.248100
19891229,0.018295,607.999800,0.015516,299.829300
19900131,-0.070115,565.369800,-0.071949,278.257000
19900228,0.014901,573.794400,0.010958,281.306100
19900330,0.024140,587.645800,0.021618,287.387500
19900430,-0.028286,571.023900,-0.030565,278.603500
19900531,0.088934,621.807500,0.084648,302.186800
19900629,-0.004196,619.198200,-0.006739,300.150200
19900731,-0.009403,613.376000,-0.011604,296.667400
19900831,-0.091905,557.003400,-0.095719,268.270700
19900928,-0.053843,527.012600,-0.056109,253.218400
19901031,-0.012504,520.422800,-0.015054,249.406400
19901130,0.065744,554.637300,0.061416,264.723900
19901231,0.029513,571.006100,0.026276,271.679700
19910131,0.049078,599.029800,0.046982,284.443800
19910228,0.075847,644.464400,0.071835,304.876800
19910328,0.028923,663.104000,0.026702,313.017700
19910430,0.003315,665.302100,0.001190,313.390200
19910531,0.040733,692.401700,0.037173,325.039800
19910628,-0.044029,661.915800,-0.046277,309.998000
19910731,0.046795,692.890200,0.044990,323.944700
19910830,0.026817,711.471100,0.023284,331.487500
19910930,-0.010975,703.662800,-0.013074,327.153600
19911031,0.017815,716.198200,0.016215,332.458500
19911129,-0.037275,689.501700,-0.040557,318.975000
19911231,0.106778,763.125200,0.104142,352.193700
19920131,-0.001182,762.223000,-0.002610,351.274300
19920228,0.013354,772.401900,0.010306,354.894700
19920331,-0.023700,754.096300,-0.025971,345.677600
19920430,0.013419,764.215400,0.011876,349.782900
19920529,0.006439,769.135800,0.003333,350.948900
19920630,-0.019271,754.314100,-0.021679,343.340800
19920731,0.039900,784.411300,0.038369,356.514300
19920831,-0.020820,768.080100,-0.023972,347.968000
19920930,0.012447,777.640600,0.010271,351.542000
19921030,0.010986,786.183300,0.009548,354.898700
19921130,0.040193,817.782500,0.036963,368.016900
19921231,0.017768,832.313100,0.015560,373.743200
19930129,0.012644,842.836700,0.011328,377.976900
19930226,0.005402,847.389900,0.002640,378.974800
19930331,0.025116,868.672700,0.022685,387.571800
19930430,-0.025400,846.608000,-0.026724,377.214300
19930528,0.029599,871.667000,0.026565,387.235000
19930630,0.005440,876.408900,0.003222,388.482900
19930730,-0.000792,875.714800,-0.002140,387.651600
19930831,0.039479,910.286800,0.036546,401.818800
19930930,0.000641,910.870000,-0.001342,401.279700
19931029,0.018064,927.324200,0.016743,407.998400
19931130,-0.017606,910.997400,-0.020483,399.641500
19931231,0.019515,928.775500,0.017488,406.630500
19940131,0.031466,958.000500,0.030077,418.860800
19940228,-0.024226,934.791900,-0.026779,407.644000
19940331,-0.045795,891.983300,-0.047883,388.124700
19940429,0.009478,900.437200,0.008027,391.240200
19940531,0.009360,908.865500,0.006369,393.732000
19940630,-0.027909,883.500100,-0.030083,381.887100
19940729,0.030628,910.560300,0.029254,393.058900
19940831,0.042597,949.347800,0.039691,408.659900
19940930,-0.018363,931.914600,-0.020379,400.332000
19941031,0.014520,945.445900,0.012999,405.536100
19941130,-0.037219,910.257600,-0.039993,389.317600
19941230,0.012609,921.735300,0.010169,393.276400
19950131,0.020399,940.537900,0.018798,400.669400
19950228,0.039615,977.797100,0.037040,415.510200
19950331,0.027041,1004.23800,0.024862,425.840400
19950428,0.025048,1029.39200,0.023596,435.888600
19950531,0.034007,1064.39800,0.031227,449.500100
19950630,0.031169,1097.57400,0.029240,462.643300
19950731,0.040779,1142.33200,0.038930,480.654200
19950831,0.009298,1152.95400,0.006800,483.922800
19950929,0.036365,1194.88100,0.034652,500.691700
19951031,-0.011314,1181.36200,-0.012646,494.360000
19951130,0.042804,1231.92900,0.040334,514.299600
19951229,0.015183,1250.63300,0.013344,521.162500
19960131,0.028138,1285.82300,0.026821,535.140400
19960229,0.016310,1306.79500,0.014188,542.733200
19960329,0.010925,1321.07200,0.009221,547.737900
19960430,0.025508,1354.77100,0.024263,561.027700
19960531,0.026802,1391.08100,0.024543,574.796800
19960628,-0.008302,1379.53200,-0.009834,569.144500
19960731,-0.053814,1305.29300,-0.055251,537.698500
19960830,0.032448,1347.64700,0.030377,554.032200
19960930,0.053035,1419.12000,0.051329,582.469800
19961031,0.013729,1438.60300,0.012357,589.667700
19961129,0.065577,1532.94300,0.063595,627.167800
19961231,-0.011397,1515.47200,-0.013076,618.966700
19970131,0.053473,1596.50900,0.052390,651.394300
19970228,-0.001122,1594.71700,-0.002857,649.533100
19970331,-0.044868,1523.16600,-0.046519,619.317500
19970430,0.042373,1587.70700,0.041157,644.806900
19970530,0.071624,1701.42400,0.069772,689.796100
19970630,0.044095,1776.44800,0.042703,719.252700
19970731,0.076514,1912.37200,0.075202,773.341900
19970829,-0.036291,1842.97000,-0.037650,744.225800
19970930,0.058499,1950.78200,0.057095,786.717000
19971031,-0.034436,1883.60500,-0.035506,758.783900
19971128,0.030404,1940.87300,0.028891,780.705600
19971231,0.017817,1975.45300,0.016302,793.432600
19980130,0.004502,1984.34800,0.003624,796.308000
19980227,0.073303,2129.80700,0.071798,853.481600
19980331,0.051301,2239.06900,0.050044,896.193100
19980430,0.010904,2263.48200,0.009902,905.067400
19980529,-0.025748,2205.20200,-0.027040,880.594500
19980630,0.031944,2275.64600,0.030725,907.650700
19980731,-0.023367,2222.47000,-0.024343,885.555500
19980831,-0.157844,1871.66700,-0.159153,744.617100
19980930,0.063827,1991.12900,0.062308,791.012500
19981030,0.074393,2139.25400,0.073375,849.053000
19981130,0.062023,2271.93800,0.060615,900.518200
19981231,0.063051,2415.18600,0.061723,956.101100
19990129,0.038456,2508.06400,0.037657,992.105400
19990226,-0.038085,2412.54500,-0.039271,953.144800
19990331,0.037932,2504.05800,0.036659,988.086000
19990430,0.049104,2627.01800,0.048283,1035.79400
19990528,-0.020718,2572.59200,-0.022392,1012.60100
19990630,0.050829,2703.35400,0.049731,1062.95800
19990730,-0.030843,2619.97600,-0.031720,1029.24100
19990831,-0.009931,2593.95600,-0.011089,1017.82800
19990930,-0.022693,2535.09200,-0.023896,993.505700
19991029,0.062095,2692.50900,0.061306,1054.41300
19991130,0.036824,2791.65700,0.035617,1091.96900
19991231,0.083754,3025.47000,0.082643,1182.21200
20000131,-0.039624,2905.58800,-0.040265,1134.61000
20000229,0.031778,2997.92300,0.030675,1169.41400
20000331,0.053501,3158.31300,0.052517,1230.82800
20000428,-0.059527,2970.30900,-0.060317,1156.58800
20000531,-0.038870,2854.85400,-0.040029,1110.29200
20000630,0.051603,3002.17400,0.050806,1166.70100
20000731,-0.017712,2949.00000,-0.018432,1145.19600
20000831,0.075006,3170.19300,0.073825,1229.74000
20000929,-0.051141,3008.06400,-0.051882,1165.93900
20001031,-0.024490,2934.39800,-0.025164,1136.59900
20001130,-0.102372,2633.99700,-0.103579,1018.87000
20001229,0.020422,2687.79000,0.019428,1038.66500
20010131,0.039601,2794.23000,0.038813,1078.97900
20010228,-0.099102,2517.31600,-0.100201,970.864100
20010330,-0.070392,2340.11800,-0.071348,901.595000
20010430,0.083829,2536.28800,0.082824,976.268600
20010531,0.010455,2562.80600,0.009069,985.122700
20010629,-0.017553,2517.82100,-0.018328,967.067400
20010731,-0.018298,2471.75000,-0.019265,948.437000
20010831,-0.058981,2325.96300,-0.060356,891.192800
20010928,-0.091485,2113.17200,-0.092618,808.652300
20011031,0.027836,2171.99400,0.026818,830.338500
20011130,0.078777,2343.09600,0.077341,894.557700
20011231,0.017853,2384.92700,0.016570,909.380900
20020131,-0.015975,2346.82800,-0.016929,893.985800
20020228,-0.021696,2295.91000,-0.023063,873.367900
20020328,0.044678,2398.48700,0.043709,911.541600
20020430,-0.049618,2279.47900,-0.050521,865.489200
20020531,-0.010521,2255.49600,-0.011969,855.130000
20020628,-0.070251,2097.04500,-0.071507,793.982200
20020731,-0.081149,1926.87300,-0.082334,728.610400
20020830,0.007976,1942.24100,0.006431,733.296300
20020930,-0.099920,1748.17300,-0.101384,658.951600
20021031,0.074919,1879.14500,0.073501,707.385500
20021129,0.061263,1994.26600,0.059593,749.540900
20021231,-0.053315,1887.94200,-0.054958,708.347400
20030131,-0.023400,1843.76400,-0.024610,690.915200
20030228,-0.015391,1815.38700,-0.017218,679.019200
20030331,0.010318,1834.11800,0.008897,685.060700
20030430,0.082750,1985.89100,0.081162,740.661900
20030530,0.063436,2111.86800,0.061743,786.392400
20030630,0.016320,2146.33400,0.014771,798.008100
20030731,0.023098,2195.91000,0.021749,815.364400
20030829,0.024996,2250.79900,0.023516,834.538800
20030930,-0.009116,2230.28000,-0.010602,825.690900
20031031,0.060316,2364.80100,0.058836,874.271200
20031128,0.016593,2404.04100,0.015052,887.430500
20031231,0.045505,2513.43700,0.043848,926.342200
20040130,0.023037,2571.33800,0.022013,946.733900
20040227,0.015479,2611.14000,0.013994,959.982100
20040331,-0.010667,2583.28800,-0.011991,948.471300
20040430,-0.024214,2520.73700,-0.025560,924.228100
20040528,0.014058,2556.17500,0.012374,935.664000
20040630,0.021601,2611.39100,0.020039,954.413700
20040730,-0.037670,2513.01900,-0.038765,917.415800
20040831,0.002728,2519.87400,0.001083,918.409700
20040930,0.020543,2571.63900,0.019085,935.937700
20041029,0.017806,2617.43000,0.016579,951.454400
20041130,0.048208,2743.61100,0.044313,993.616300
20041231,0.035177,2840.12300,0.033422,1026.82500
20050131,-0.026551,2764.71400,-0.027405,998.684500
20050228,0.022676,2827.40600,0.020839,1019.49600
20050331,-0.016948,2779.48600,-0.018583,1000.55100
20050429,-0.025185,2709.48500,-0.026569,973.967100
20050531,0.037954,2812.32100,0.036150,1009.17600
20050630,0.011526,2844.73500,0.009902,1019.16900
20050729,0.043335,2968.01200,0.042229,1062.20700
20050831,-0.005944,2950.37100,-0.007761,1053.96300
20050930,0.010607,2981.66600,0.009338,1063.80600
20051031,-0.020873,2919.42900,-0.021981,1040.42200
20051130,0.040322,3037.14800,0.038070,1080.03100
20051230,0.003457,3047.64700,0.001886,1082.06800
20060131,0.040041,3169.67700,0.038935,1124.19800
20060228,-0.001639,3164.48300,-0.003553,1120.20400
20060331,0.019042,3224.74100,0.017575,1139.89100
20060428,0.012962,3266.54200,0.011491,1152.99000
20060531,-0.031036,3165.16100,-0.033015,1114.92400
20060630,-0.000372,3163.98400,-0.001867,1112.84200
20060731,-0.001869,3158.07200,-0.002912,1109.60100
20060831,0.025062,3237.22100,0.022989,1135.10900
20060929,0.019443,3300.16200,0.018124,1155.68200
20061031,0.037106,3422.61600,0.036057,1197.35200
20061130,0.023721,3503.80400,0.021351,1222.91600
20061229,0.010849,3541.81600,0.009160,1234.11900
20070131,0.019395,3610.51100,0.018457,1256.89700
20070228,-0.014004,3559.94900,-0.016002,1236.78400
20070330,0.012952,3606.05600,0.011481,1250.98400
20070430,0.039846,3749.74200,0.038475,1299.11500
20070531,0.038915,3895.66500,0.036619,1346.68700
20070629,-0.014735,3838.26200,-0.016093,1325.01500
20070731,-0.031731,3716.47000,-0.032738,1281.63700
20070831,0.011625,3759.67600,0.009668,1294.02900
20070928,0.040895,3913.42800,0.039387,1344.99600
20071031,0.025809,4014.42900,0.024666,1378.17200
20071130,-0.049380,3816.19600,-0.051334,1307.42500
20071231,-0.004306,3799.76300,-0.006241,1299.26500
20080131,-0.062275,3563.13400,-0.063399,1216.89300
20080229,-0.021968,3484.85800,-0.023936,1187.76500
20080331,-0.010376,3448.69800,-0.012113,1173.37800
20080430,0.051080,3624.85700,0.049739,1231.74100
20080530,0.023862,3711.35400,0.021513,1258.23900
20080630,-0.078596,3419.65700,-0.080321,1157.17700
20080731,-0.013212,3374.47700,-0.014564,1140.32400
20080829,0.011123,3412.01300,0.009108,1150.71000
20080930,-0.098123,3077.21600,-0.099901,1035.75400
20081031,-0.184674,2508.93400,-0.186183,842.914400
20081128,-0.085333,2294.83900,-0.088138,768.621500
20081231,0.021549,2344.29100,0.018721,783.010500
20090130,-0.077467,2162.68600,-0.078908,721.225100
20090227,-0.101177,1943.87200,-0.104486,645.867400
20090331,0.087722,2114.39100,0.084493,700.438700
20090430,0.110522,2348.07900,0.108698,776.575000
20090529,0.067312,2506.13400,0.064572,826.720000
20090630,-0.002763,2499.20900,-0.004566,822.945000
20090731,0.082506,2705.40800,0.081064,889.655900
20090831,0.031950,2791.84700,0.029718,916.095100
20090930,0.045220,2918.09300,0.043630,956.064500
20091030,-0.028379,2835.28000,-0.029667,927.701400
20091130,0.057398,2998.01900,0.054853,978.588900
20091231,0.029163,3085.44900,0.027360,1005.36300
20100129,-0.037104,2970.96600,-0.038167,966.991200
20100226,0.035359,3076.01500,0.033197,999.092000
20100331,0.064429,3274.19800,0.062764,1061.79900
20100430,0.020294,3340.64600,0.019153,1082.13600
20100528,-0.079921,3073.65800,-0.082085,993.308700
20100630,-0.051992,2913.85300,-0.053610,940.057800
20100730,0.071139,3121.14000,0.069397,1005.29500
20100831,-0.043866,2984.22900,-0.046072,958.978400
20100930,0.092498,3260.26500,0.090651,1045.91000
20101029,0.038922,3387.16100,0.037343,1084.96800
20101130,0.005624,3406.21100,0.003333,1088.58400
20101231,0.067903,3637.50400,0.065841,1160.25700
20110131,0.020181,3710.91200,0.019178,1182.50800
20110228,0.038654,3854.35500,0.036643,1225.83900
20110331,0.002880,3865.45500,0.001324,1227.46200
20110429,0.028218,3974.53200,0.027075,1260.69500
20110531,-0.014620,3916.42500,-0.016709,1239.63100
20110630,-0.018467,3844.09900,-0.020082,1214.73600
20110729,-0.023569,3753.49600,-0.024727,1184.69900
20110831,-0.058529,3533.80900,-0.060760,1112.71600
20110930,-0.084241,3236.11800,-0.085888,1017.14700
20111031,0.115325,3609.32300,0.113862,1132.96100
20111130,-0.006109,3587.27400,-0.008902,1122.87500
20111230,0.004885,3604.79600,0.002933,1126.16900
20120131,0.053922,3799.17300,0.052710,1185.52900
20120229,0.042051,3958.93200,0.039670,1232.55900
20120330,0.025270,4058.97600,0.023412,1261.41600
20120430,-0.006819,4031.29700,-0.008079,1251.22500
20120531,-0.065829,3765.92100,-0.068350,1165.70500
20120629,0.038485,3910.85400,0.036579,1208.34500
20120731,0.010352,3951.34100,0.009057,1219.28900
20120831,0.026583,4056.37900,0.023857,1248.37800
20120928,0.026610,4164.31800,0.024787,1279.32200
20121031,-0.014371,4104.47200,-0.015882,1259.00300
20121130,0.006227,4130.02900,0.002819,1262.55200
20121231,0.012300,4180.82900,0.008983,1273.89300
20130131,0.055812,4414.16900,0.054529,1343.35800
20130228,0.009187,4454.72300,0.006870,1352.58700
20130328,0.036306,4616.45600,0.034593,1399.37700
20130430,0.015288,4687.03300,0.014064,1419.05800
20130531,0.020920,4785.08500,0.018229,1444.92600
20130628,-0.014262,4716.84000,-0.016050,1421.73400
20130731,0.053563,4969.48600,0.052083,1495.78200
20130830,-0.026046,4840.05200,-0.028331,1453.40600
20130930,0.037629,5022.18000,0.035934,1505.63300
20131031,0.040447,5225.31400,0.039103,1564.50700
20131129,0.025937,5360.84500,0.023705,1601.59300
20131231,0.026910,5505.10400,0.025099,1641.79200
20140131,-0.030028,5339.79500,-0.031201,1590.56600
20140228,0.046431,5587.72500,0.044082,1660.68100
20140331,0.004530,5613.03600,0.002893,1665.48600
20140430,0.001514,5621.53400,0.000298,1665.98100
20140530,0.020499,5736.76900,0.018178,1696.26600
20140630,0.028262,5898.89900,0.026518,1741.24900
20140731,-0.020672,5776.95600,-0.022008,1702.92700
20140829,0.040999,6013.80300,0.038894,1769.16100
20140930,-0.024694,5865.30000,-0.026287,1722.65500
20141031,0.021455,5991.14200,0.020147,1757.36200
20141128,0.021799,6121.74100,0.019520,1791.66600
20141231,-0.003281,6101.65400,-0.005135,1782.46600
20150130,-0.028451,5928.05400,-0.029592,1729.71900
20150227,0.057171,6266.96600,0.054701,1824.33600
20150331,-0.010551,6200.84200,-0.012293,1801.90900
20150430,0.008527,6253.71600,0.007322,1815.10300
20150529,0.010795,6321.22200,0.008512,1830.55300
20150630,-0.019191,6199.91100,-0.020894,1792.30600
20150731,0.012780,6279.14700,0.011534,1812.97900
20150831,-0.060510,5899.19500,-0.062692,1699.32000
20150930,-0.034246,5697.17200,-0.036039,1638.07900
20151030,0.075041,6124.69200,0.073570,1758.59200
20151130,0.002715,6141.32300,0.000317,1759.14900
20151231,-0.022350,6004.06200,-0.024305,1716.39300
20160129,-0.058119,5655.11300,-0.059373,1614.48400
20160229,0.000758,5659.40200,-0.001809,1611.56300
20160331,0.071205,6062.37700,0.068926,1722.64200
20160429,0.011714,6133.39400,0.010416,1740.58500
20160531,0.015017,6225.49700,0.012456,1762.26600
20160630,0.002461,6240.81500,0.000646,1763.40500
20160729,0.039240,6485.70400,0.037961,1830.34500
20160831,0.003145,6506.10400,0.000666,1831.56400
20160930,0.002918,6525.09100,0.001291,1833.92800
20161031,-0.021723,6383.34900,-0.023034,1791.68400
20161130,0.042561,6655.03200,0.039957,1863.27500
20161230,0.018982,6781.35500,0.017202,1895.32700
20170131,0.022354,6932.94800,0.021251,1935.60400
20170228,0.033286,7163.71500,0.031048,1995.70000
20170331,0.001942,7177.62400,0.000171,1996.04100
20170428,0.009632,7246.75800,0.008453,2012.91300
20170531,0.009307,7314.20100,0.006799,2026.59900
20170630,0.009706,7385.19200,0.008096,2043.00600
20170731,0.020415,7535.96000,0.018979,2081.78000
20170831,0.001483,7547.13400,-0.000904,2079.89900
20170929,0.024166,7729.52000,0.022745,2127.20600
20171031,0.019533,7880.49700,0.018369,2166.28000
20171130,0.027928,8100.58000,0.025445,2221.40100
20171229,0.012131,8198.84600,0.010620,2244.99200
20180131,0.051369,8620.01100,0.050340,2358.00500
20180228,-0.039465,8279.82000,-0.041459,2260.24600
20180329,-0.019186,8120.96300,-0.020956,2212.88000
20180430,0.005006,8161.61900,0.003834,2221.36400
20180531,0.027222,8383.79200,0.024771,2276.39100
20180629,0.006009,8434.16900,0.004506,2286.64700
20180731,0.032083,8704.76700,0.030912,2357.33100
20180831,0.031518,8979.12300,0.028883,2425.41700
20180928,0.000524,8983.82600,-0.000927,2423.17000
20181031,-0.074743,8312.35200,-0.075872,2239.31800
20181130,0.018638,8467.28000,0.016140,2275.46000
20181231,-0.091570,7691.92900,-0.093449,2062.82200
20190131,0.089323,8378.99800,0.087993,2244.33600
20190228,0.033393,8658.79800,0.031194,2314.34700
20190329,0.013194,8773.04000,0.011507,2340.97800
20190430,0.038738,9112.89100,0.037471,2428.69700
20190531,-0.062493,8543.39700,-0.064867,2271.15500
20190628,0.067915,9123.62000,0.066257,2421.63500
20190731,0.012384,9236.60800,0.011166,2448.67500
20190830,-0.020776,9044.70900,-0.022946,2392.48900
20190930,0.016057,9189.94200,0.014387,2426.90900
20191031,0.019245,9366.80500,0.018003,2470.60100
20191129,0.036100,9704.95000,0.033948,2554.47300
20191231,0.028380,9980.37700,0.026548,2622.28900
